Country,Code,Year,Annual Co2 emissions from coal,Annual Co2 emissions from gas,Annual Co2 emissions from other industry,Total Annual Co2 Emisssion,Annual Co2 emissions (per capita)
Austria,AUT,1990,18138572,11836296,1135374,31110242,8.093165
Austria,AUT,1991,18699346,12501283,1020179.06,32220808.06,8.476919
Austria,AUT,1992,14385857,12518638,962184,27866679,7.683372
Austria,AUT,1993,13273662,13022035,965955,27261652,7.67469
Austria,AUT,1994,13456497,13655744,989794,28102035,7.692872
Austria,AUT,1995,15423285,14899087,1090495,31412867,8.05596
Austria,AUT,1996,15067890,15796022,1020630.94,31884542.94,8.465274
Austria,AUT,1997,16155693,15300357,1074098,32530148,8.442684
Austria,AUT,1998,13706165,15717101,1074750,30498016,8.387604
Austria,AUT,1999,13875090,16101723,1063347,31040160,8.21523
Austria,AUT,2000,15752621,15266094,1091619,32110334,8.257961
Austria,AUT,2001,16563696,16157637,1114458,33835791,8.725461
Austria,AUT,2002,16736631,16070299,1186760,33993690,8.90626
Austria,AUT,2003,18022592,17268124,1149708,36440424,9.539407
Austria,AUT,2004,17765950,17662322,1195040,36623312,9.506332
Austria,AUT,2005,17861760,18700774,1164958,37727492,9.611983
Austria,AUT,2006,17865266,17496976,1177345,36539587,9.289864
Austria,AUT,2007,17455148,16495413,1217101,35167662,8.934212
Austria,AUT,2008,17028334,17436060,1241619,35706013,8.830757
Austria,AUT,2009,12832833,17035762,1010988,30879583,8.066541
Austria,AUT,2010,15501043,18779364,1122056,35402463,8.610293
Austria,AUT,2011,15819384,17731132,1212205,34762721,8.329333
Austria,AUT,2012,14687176,16946164,1134048,32767388,7.9796877
Austria,AUT,2013,14960277,16332384,1158889,32451550,7.9909325
Austria,AUT,2014,13802023,14946754,1179646,29928423,7.5075483
Austria,AUT,2015,14372978,15967142,1146646,31486766,7.67711
Austria,AUT,2016,13334845,16736952,1168854,31240651,7.693105
Austria,AUT,2017,14023157,17974628,1200058,33197843,7.9105253
Austria,AUT,2018,12295195,17019492,1203469,30518156,7.528652
Austria,AUT,2019,13005251,17792616,1162217,31960084,7.6505237
Austria,AUT,2020,11393343,16876938,1123897,29394178,6.9644117
Austria,AUT,2021,12269229,17839484,1123897,31232610,7.243327
Belgium,BEL,1990,41393524,19846452,2657245,63897221,12.078102
Belgium,BEL,1991,40122108,21616768,2478016,64216892,12.352205
Belgium,BEL,1992,38118492,22204126,2376288,62698906,12.228684
Belgium,BEL,1993,36561770,23211648,2370738,62144156,12.089393
Belgium,BEL,1994,38012820,23696036,2453625,64162481,12.393784
Belgium,BEL,1995,36955412,26304788,2595713,65855913,12.474543
Belgium,BEL,1996,34203420,29213328,2416696,65833444,12.789887
Belgium,BEL,1997,31915682,27739842,2465893,62121417,12.209258
Belgium,BEL,1998,33213780,30865530,2529671,66608981,12.780278
Belgium,BEL,1999,28931274,33034572,2550072,64515918,12.196931
Belgium,BEL,2000,31671610,33199090,2680779,67551479,12.345596
Belgium,BEL,2001,28289752,32937378,2677025,63904155,12.228224
Belgium,BEL,2002,28636592,33255696,2741926,64634214,12.250462
Belgium,BEL,2003,27766146,34992028,2658685,65416859,12.328288
Belgium,BEL,2004,28251918,34982664,2843132,66077714,12.316073
Belgium,BEL,2005,26195950,35641404,2675129,64512483,11.9460535
Belgium,BEL,2006,25337382,35388412,2797156,63522950,11.70564
Belgium,BEL,2007,23158202,35637296,2688850,61484348,11.308469
Belgium,BEL,2008,23259024,35690164,2718196,61667384,11.203387
Belgium,BEL,2009,15162389,36481950,1956127,53600466,9.973965
Belgium,BEL,2010,17526192,40348548,2175391,60050131,10.531201
Belgium,BEL,2011,16688971,34579240,2293912,53562123,9.585852
Belgium,BEL,2012,15078114,34918196,2110023,52106333,9.27879
Belgium,BEL,2013,15331619,35279484,2099803,52710906,9.246512
Belgium,BEL,2014,14795505,31003652,2107733,47906890,8.668638
Belgium,BEL,2015,14438079,33820640,2168628,50427347,8.984617
Belgium,BEL,2016,13543486,34375252,2075269,49994007,8.801189
Belgium,BEL,2017,13308096,35030256,2064445,50402797,8.707133
Belgium,BEL,2018,13366943,36098188,2038862,51503993,8.723656
Belgium,BEL,2019,13192232,36199212,1862638,51254082,8.638375
Belgium,BEL,2020,10651276,35856444,1626217,48133937,7.8161416
Belgium,BEL,2021,11015942,35777216,1626217,48419375,8.243808
Bulgaria,BGR,1990,34726388,12102421,1135438,47964247,8.7478485
Bulgaria,BGR,1991,31781796,10142163,800844,42724803,7.053355
Bulgaria,BGR,1992,31440894,8871779,649645,40962318,6.6177535
Bulgaria,BGR,1993,33046890,8147423,616025,41810338,6.7846913
Bulgaria,BGR,1994,31380278,8113975.5,656178,40150431.5,6.59821
Bulgaria,BGR,1995,31313478,9974161,738663,42026302,6.8357964
Bulgaria,BGR,1996,31471124,10196783,729169,42397076,6.963327
Bulgaria,BGR,1997,34015948,8228438.5,544066,42788452.5,6.714281
Bulgaria,BGR,1998,32119870,7150494,430104,39700468,6.4572215
Bulgaria,BGR,1999,26603488,6153781,342023,33099292,5.6820884
Bulgaria,BGR,2000,26381934,6670664,416885,33469483,5.614479
Bulgaria,BGR,2001,30066880,6180976,426086,36673942,6.095955
Bulgaria,BGR,2002,27825166,5549840,505942,33880948,5.787665
Bulgaria,BGR,2003,31196202,5796169,486009,37478380,6.38217
Bulgaria,BGR,2004,29945778,5812426,545039,36303243,6.3040524
Bulgaria,BGR,2005,29490966,6567927,578310,36637203,6.4815063
Bulgaria,BGR,2006,29995412,6726971,780783,37503166,6.6818933
Bulgaria,BGR,2007,33367824,6889115,846030,41102969,7.220797
Bulgaria,BGR,2008,32492310,6718200,914921,40125431,7.04583
Bulgaria,BGR,2009,27278540,5052382,763369,33094291,6.000522
Bulgaria,BGR,2010,29298742,5371912,1004500.06,35675154.06,6.3036375
Bulgaria,BGR,2011,34485744,6148541,1166472,41800757,7.0494313
Bulgaria,BGR,2012,29417050,5759238,1075545,36251833,6.455217
Bulgaria,BGR,2013,25001702,5608733,1049715,31660150,5.743188
Bulgaria,BGR,2014,26583342,5589405,1094164,33266911,6.140183
Bulgaria,BGR,2015,27680238,5931801,1280232,34892271,6.6026607
Bulgaria,BGR,2016,24156500,5938794,1314099,31409393,6.277177
Bulgaria,BGR,2017,25793896,6038602,1282177,33114675,6.6230726
Bulgaria,BGR,2018,22089264,5781013,1255020,29125297,6.128069
Bulgaria,BGR,2019,20767134,5244746,1198143,27210023,5.99157
Bulgaria,BGR,2020,16597578,5361710,1116245,23075533,5.296769
Bulgaria,BGR,2021,20853566,6061790,1116245,28031601,6.1808095
Croatia,HRV,1990,2982409,4872836,209182,8064427,4.7150555
Croatia,HRV,1991,1911127,4082333,154606,6148066,3.5065367
Croatia,HRV,1992,1492298,4312110,101926,5906334,3.4121525
Croatia,HRV,1993,1209399,4732048,110211,6051658,3.5074594
Croatia,HRV,1994,803897,4391707,117525,5313129,3.331103
Croatia,HRV,1995,857805,3843619,114901,4816325,3.498506
Croatia,HRV,1996,681806,4312979,141916,5136701,3.644934
Croatia,HRV,1997,1069018,4546167,144912,5760097,3.9391103
Croatia,HRV,1998,1017967,4301049,151040,5470056,4.0801888
Croatia,HRV,1999,890714,4471368,137047,5499129,4.3481684
Croatia,HRV,2000,1795015,4562353,166149,6523517,4.32291
Croatia,HRV,2001,1906699,4850616,197838,6955153,4.612028
Croatia,HRV,2002,2317912,5025431,218333,7561676,4.882908
Croatia,HRV,2003,2599679,4904737,221580,7725996,5.2038846
Croatia,HRV,2004,2770105,5255877,234434,8260416,5.151043
Croatia,HRV,2005,2747406,5116001,278587,8141994,5.269881
Croatia,HRV,2006,2554646,5059593,317091,7931330,5.3309827
Croatia,HRV,2007,2776955,5870851,317657,8965463,5.6435423
Croatia,HRV,2008,2848921,5693071,317192,8859184,5.3702292
Croatia,HRV,2009,2029059.9,5256202,216219,7501480.9,4.9757524
Croatia,HRV,2010,2738199,5712434,210661,8661294,4.8106713
Croatia,HRV,2011,2794497,5564328,190415,8549240,4.7450337
Croatia,HRV,2012,2483775,5194847,152896,7831518,4.4065557
Croatia,HRV,2013,2677987,4911808,144421,7734216,4.277748
Croatia,HRV,2014,2569636,4305073,149017,7023726,4.1273804
Croatia,HRV,2015,2376274,4460983,149212,6986469,4.1892962
Croatia,HRV,2016,2561225,4729110,135997,7426332,4.2874274
Croatia,HRV,2017,1551263,5432159,149275,7132697,4.470874
Croatia,HRV,2018,1448575,5042393,152318,6643286,4.2601137
Croatia,HRV,2019,1677532,5244501,142896,7064929,4.3240995
Croatia,HRV,2020,1423842,5519125,153282,7096249,4.1179047
Croatia,HRV,2021,1685619,5310927,153282,7149828,4.3598137
Cyprus,CYP,1990,231740,1815,49409,282964,5.9013457
Cyprus,CYP,1991,231740,1467,47273,280480,6.435972
Cyprus,CYP,1992,62116,1918,41135,105169,6.808061
Cyprus,CYP,1993,74061,1602,48302,123965,6.9745336
Cyprus,CYP,1994,64505.004,1704,43989,110198.004,7.108132
Cyprus,CYP,1995,47782,1541,43444,92767,6.8111987
Cyprus,CYP,1996,43003,1378,41610,85991,7.0725403
Cyprus,CYP,1997,45392,1101,39196,85689,7.0331573
Cyprus,CYP,1998,62116,836,37332,100284,7.225738
Cyprus,CYP,1999,71672,917,42101,114690,7.3806853
Cyprus,CYP,2000,117065,1672,40040,158777,7.5112114
Cyprus,CYP,2001,126620.99,167,41635,168422.99,7.2515626
Cyprus,CYP,2002,126620.99,419,53014,180053.99,7.316137
Cyprus,CYP,2003,126620.99,731,70482,197833.99,7.5741124
Cyprus,CYP,2004,137379,947,77255,215581,7.6602726
Cyprus,CYP,2005,152322,967,72296,225585,7.673263
Cyprus,CYP,2006,150668,1166,81372,233206,7.755409
Cyprus,CYP,2007,118531,1106,85907,205544,7.919713
Cyprus,CYP,2008,110640,537,82803,193980,7.9798894
Cyprus,CYP,2009,58840,1139,53632,113611,7.6254716
Cyprus,CYP,2010,70807,738,34931,106476,7.172478
Cyprus,CYP,2011,30575,909,25784,57268,6.8024373
Cyprus,CYP,2012,1202,549,23107,24858,6.280744
Cyprus,CYP,2013,1202,791,12890,14883,5.641933
Cyprus,CYP,2014,9148,407,12030,21585,5.90668
Cyprus,CYP,2015,14687,398,10997,26082,5.8730283
Cyprus,CYP,2016,1951,394,13169,15514,6.1570106
Cyprus,CYP,2017,11694,418,16037,28149,6.22689
Cyprus,CYP,2018,53850,223,20074,74147,6.024238
Cyprus,CYP,2019,68051,226,25176,93453,5.9756975
Cyprus,CYP,2020,68052,220,19833,88105,5.8742166
Cyprus,CYP,2021,201473,220,19833,221526,6.1087165
Czechia,CZE,1990,123419300,12564474,2780893,138764667,15.940949
Czechia,CZE,1991,112710790,12294275,1372975,126378040,14.449589
Czechia,CZE,1992,105791390,14721396,1146802,121659588,14.131631
Czechia,CZE,1993,100747050,15317111,1105081,117169242,13.579827
Czechia,CZE,1994,94921610,14224929,1145724,110292263,12.854307
Czechia,CZE,1995,94833780,15630055,1125335,111589170,12.764832
Czechia,CZE,1996,95219200,18041490,1244215,114504905,13.112753
Czechia,CZE,1997,90922610,18435124,1445395,110803129,12.728246
Czechia,CZE,1998,83665580,18423628,1622552,103711760,12.220309
Czechia,CZE,1999,75615880,18474508,1678124,95768512,11.373626
Czechia,CZE,2000,86836240,18134410,1809719,106780369,12.42399
Czechia,CZE,2001,84798010,19299964,1799009,105896983,12.41707
Czechia,CZE,2002,82675704,18538868,1760388,102974960,12.106352
Czechia,CZE,2003,83968216,18973730,1759886,104701832,12.4393215
Czechia,CZE,2004,83408024,19119756,1780382,104308162,12.498537
Czechia,CZE,2005,80603256,18759176,1785730,101148162,12.226369
Czechia,CZE,2006,81883530,18415320,1775442,102074292,12.282221
Czechia,CZE,2007,83626450,17459442,1863979,102949871,12.417489
Czechia,CZE,2008,78658344,17297588,1774162,97730094,11.842871
Czechia,CZE,2009,73285510,16315281,1573987,91174778,11.036133
Czechia,CZE,2010,74552780,18398426,1641389,94592595,11.226464
Czechia,CZE,2011,73743720,16824750,1772943,92341413,10.973865
Czechia,CZE,2012,70748820,16624004,1691788,89064612,10.587004
Czechia,CZE,2013,66848680,16826180,1717358,85392218,10.148929
Czechia,CZE,2014,64879624,15112665,1718712,81711001,9.910343
Czechia,CZE,2015,64295744,15908707,1690486,81894937,9.97697
Czechia,CZE,2016,64708780,17008724,1690767,83408271,10.131072
Czechia,CZE,2017,64285836,17713600,1729200,83728636,10.231177
Czechia,CZE,2018,63553490,16641640,1798989,81994119,10.094166
Czechia,CZE,2019,57447410,17361776,1658039,76467225,9.586614
Czechia,CZE,2020,49846812,17430786,1503336,68780934,8.722278
Czechia,CZE,2021,51777950,18681186,1503336,71962472,9.241809
Denmark,DNK,1990,24005216,4350278,819319,29174813,10.415695
Denmark,DNK,1991,32569900,4917327,688900,38176127,12.44591
Denmark,DNK,1992,27133132,5167223,599195,32899550,11.282233
Denmark,DNK,1993,28451488,5851120,548736,34851344,11.67498
Denmark,DNK,1994,30577564,6545929,642827,37766320,12.409011
Denmark,DNK,1995,25600004,7573576,759109,33932689,11.7692375
Denmark,DNK,1996,35136788,8908523,679526,44724837,14.244398
Denmark,DNK,1997,26150118,9375381,760448,36285947,12.405538
Denmark,DNK,1998,22219104,10186220,526804,32932128,11.556531
Denmark,DNK,1999,18672010,10710962,550376,29933348,11.02519
Denmark,DNK,2000,15657394,10639993,534534,26831921,10.168425
Denmark,DNK,2001,16557831,11104576,467412,28129819,10.426961
Denmark,DNK,2002,16537388,11096408,510124.97,28143920.97,10.328448
Denmark,DNK,2003,22573276,11214438,463493,34251207,11.238168
Denmark,DNK,2004,17281042,11153815,381676,28816533,10.174277
Denmark,DNK,2005,14601613,10690007,446205,25737825,9.479702
Denmark,DNK,2006,22005606,10882060,442550,33330216,10.899413
Denmark,DNK,2007,18421878,9738138,429825,28589841,9.983929
Denmark,DNK,2008,16133722,9826361,437477,26397560,9.31465
Denmark,DNK,2009,15784477,9411788,333582,25529847,8.839525
Denmark,DNK,2010,15351008,10569318,312688,26233014,8.86417
Denmark,DNK,2011,12914962,8983264,321120,22219346,7.935435
Denmark,DNK,2012,10078159,8413963,338094,18830216,7.118595
Denmark,DNK,2013,12754866,7939518,393610,21087994,7.4257894
Denmark,DNK,2014,10143308,6816457,395631,17355396,6.650159
Denmark,DNK,2015,7242452,6911255,313355,14467062,6.204517
Denmark,DNK,2016,8413077,7014874,374224,15802175,6.489258
Denmark,DNK,2017,6252826,6682384,380632,13315842,6.0621467
Denmark,DNK,2018,6361589,6478645,402815,13243049,6.021649
Denmark,DNK,2019,3588381,6016661,327676,9932718,5.3409405
Denmark,DNK,2020,3142834,4792077,402746,8337657,4.854752
Denmark,DNK,2021,4376753,4778313,402746,9557812,5.0522227
Estonia,EST,1990,24433410,2720826,143028,27297264,23.507214
Estonia,EST,1991,22531384,2760954,154152,25446490,21.805168
Estonia,EST,1992,17796046,1606691,67232,19469969,15.855051
Estonia,EST,1993,13588837,803466,20336,14412639,12.921608
Estonia,EST,1994,14117759,1119470,19059,15256288,13.58389
Estonia,EST,1995,12915185,1289090,20059,14224334,12.43578
Estonia,EST,1996,13448292,1421962,19405,14889659,13.272953
Estonia,EST,1997,13190953,1393055,23597,14607605,13.1443405
Estonia,EST,1998,11499491,1334247,57443,12891181,12.005937
Estonia,EST,1999,10920188,1296046,52267,12268501,11.368203
Estonia,EST,2000,10848638,1503341,45571,12397550,11.096423
Estonia,EST,2001,10678630,1611393,48541,12338564,11.455556
Estonia,EST,2002,10381148,1359874,53516,11794538,11.15332
Estonia,EST,2003,12168204,1546916,54402,13769522,12.606291
Estonia,EST,2004,12011994,1741538,50322,13803854,12.7283945
Estonia,EST,2005,11743136,1741067,47925,13532128,12.630271
Estonia,EST,2006,11044037,1728618,52787,12825442,12.218162
Estonia,EST,2007,14256835,1737002,53331,16047168,14.893878
Estonia,EST,2008,12321859,1681875,46542,14050276,13.380747
Estonia,EST,2009,10019982,1223858,25338,11269178,10.820553
Estonia,EST,2010,14260449,1327925,37442,15625816,14.271136
Estonia,EST,2011,14181459,1190208,40001,15411668,14.301433
Estonia,EST,2012,12602224,1274920,268643,14145787,13.453593
Estonia,EST,2013,14532069,1212138,301350,16045557,14.945469
Estonia,EST,2014,14071926,1021994.94,51045,15144965.94,14.347625
Estonia,EST,2015,11263031,915042,66271,12244344,12.054009
Estonia,EST,2016,12752646,1051739,66026,13870411,13.343702
Estonia,EST,2017,13877060,922599,84211,14883870,14.2404375
Estonia,EST,2018,13062730,986677,84549,14133956,13.565124
Estonia,EST,2019,7775731,914391,79203,8769325,9.329184
Estonia,EST,2020,5335555,809566,65924,6211045,7.027731
Estonia,EST,2021,6221633,914581,65924,7202138,7.86407
Finland,FIN,1990,22131906,5152646,1131052,28415604,11.413568
Finland,FIN,1991,21388240,5383570,936350,27708160,11.007249
Finland,FIN,1992,20677522,5574695,775480,27027697,10.76235
Finland,FIN,1993,23400686,5821841,968327,30190854,11.114606
Finland,FIN,1994,27593212,6295258,1007303.94,34895773.94,12.131823
Finland,FIN,1995,24657018,6509337,905460,32071815,11.377481
Finland,FIN,1996,29756940,6789215,1009799.94,37555954.94,12.494946
Finland,FIN,1997,28497132,6646342,984101,36127575,12.197832
Finland,FIN,1998,23717520,7591387,959735,32268642,11.516622
Finland,FIN,1999,23035742,7571017,1004184,31610943,11.396166
Finland,FIN,2000,21985056,7715635,925612,30626303,11.01384
Finland,FIN,2001,26124686,8389881,999777,35514344,12.049663
Finland,FIN,2002,28304600,8339674,1045662.06,37689936.06,12.506464
Finland,FIN,2003,35015388,9230054,962862,45208304,13.937167
Finland,FIN,2004,31638442,8868951,936424,41443817,13.186156
Finland,FIN,2005,21033608,8121729,923778,30079115,10.874295
Finland,FIN,2006,31583568,8687111,1016863.94,41287542.94,12.982806
Finland,FIN,2007,30347012,8117507,964868,39429387,12.623123
Finland,FIN,2008,23673562,8359042,932379,32964983,11.03276
Finland,FIN,2009,22893732,7498413,862164,31254309,10.471442
Finland,FIN,2010,29140658,8272525,918716,38331899,11.948055
Finland,FIN,2011,24079078,7252456,898243,32229777,10.511387
Finland,FIN,2012,19592492,6461504,824592,26878588,9.447167
Finland,FIN,2013,21358096,6063857,883971,28305924,9.506335
Finland,FIN,2014,19324992,5392475,785597,25503064,8.714893
Finland,FIN,2015,16840546,4723437,683658,22247641,8.048078
Finland,FIN,2016,18658284,4207125,796262,23661671,8.585987
Finland,FIN,2017,17087034,3886290,727494,21700818,8.093067
Finland,FIN,2018,17922402,4411671,669166,23003239,8.303282
Finland,FIN,2019,15255686,4310229,586086,20152001,7.6757298
Finland,FIN,2020,11871713,4361261,577809,16810783,6.7991943
Finland,FIN,2021,12291231,4266560,573420,17131211,6.7923503
France,FRA,1990,80233080,59116116,5017077,144366273,6.973989
France,FRA,1991,85819390,66833856,4903141,157556387,7.385745
France,FRA,1992,77786510,67847500,4420960,150054970,7.1512375
France,FRA,1993,62979500,68075976,4491050,135546526,6.802012
France,FRA,1994,61697732,67666056,4747767,134111555,6.6732216
France,FRA,1995,62839668,68821150,4915068,136575886,6.726915
France,FRA,1996,65205000,75976560,4808726,145990286,6.96548
France,FRA,1997,61184028,75237470,5016290,141437788,6.8110213
France,FRA,1998,71180300,77063340,5063475,153307115,7.121762
France,FRA,1999,66275100,80854980,4925675,152055755,7.063711
France,FRA,2000,65574516,84321040,4836071,154731627,6.934727
France,FRA,2001,56039932,88530830,4650806,149221568,6.974761
France,FRA,2002,58506080,88012540,4678935,151197555,6.8683066
France,FRA,2003,59125468,91651096,4653045,155429609,6.9068575
France,FRA,2004,58172908,93223770,4764921,156161599,6.883891
France,FRA,2005,62003628,94932760,4522213,161458601,6.877628
France,FRA,2006,59448736,92326060,4615853,156390649,6.6721606
France,FRA,2007,61345370,89253090,4578051,155176511,6.4677076
France,FRA,2008,56163628,92280456,4430502,152874586,6.3313546
France,FRA,2009,45185604,90711960,3896234,139793798,5.975608
France,FRA,2010,49085370,96035490,4034987,149155847,6.0316763
France,FRA,2011,41969868,87791110,4260978,134021956,5.6487603
France,FRA,2012,46667660,90609030,4160617.8,141437307.8,5.6588645
France,FRA,2013,49416612,91302160,4322735,145041507,5.662309
France,FRA,2014,39271212,76368620,4248473,119888305,5.1441264
France,FRA,2015,37740820,81391096,4032957,123164873,5.196383
France,FRA,2016,35794216,89032660,3816777,128643653,5.226494
France,FRA,2017,39789540,89137380,3769256,132696176,5.2609296
France,FRA,2018,34966380,84769710,4047115.8,123783205.8,5.0177007
France,FRA,2019,29294360,86356430,3944637,119595427,4.9128566
France,FRA,2020,23826984,80040970,3586935,107454889,4.342917
France,FRA,2021,28877788,85580480,3616609,118074877,4.7413116
Germany,DEU,1990,569133900,122299720,10936090,702369710,13.254084
Germany,DEU,1991,504058340,130161896,10069013,644289249,12.704247
Germany,DEU,1992,454324500,129383590,9889026,593597116,12.038421
Germany,DEU,1993,430790080,136302140,9880304,576972524,11.862709
Germany,DEU,1994,418197100,142162180,10520501,570879781,11.615575
Germany,DEU,1995,406059840,152984350,10594579,569638769,11.570214
Germany,DEU,1996,400626900,169970830,10040766,580638496,11.7920065
Germany,DEU,1997,386878560,162892050,10183734,559954344,11.430682
Germany,DEU,1998,377494530,165392750,10015177,552902457,11.319463
Germany,DEU,1999,360066300,165641760,10032901,535740961,10.978242
Germany,DEU,2000,373473150,166433440,10075290,549981880,11.027999
Germany,DEU,2001,376533220,173813070,9592357,559938647,11.239027
Germany,DEU,2002,375799140,173623100,9237945,558660185,11.04386
Germany,DEU,2003,379536700,174872580,9253248,563662528,11.071457
Germany,DEU,2004,375990430,173357040,9132691,558480161,10.910218
Germany,DEU,2005,363239680,173429620,8812165,545481465,10.667155
Germany,DEU,2006,369596100,178395740,8984325,556976165,10.815008
Germany,DEU,2007,379387000,174440540,9188116,563015656,10.485129
Germany,DEU,2008,356220860,179833970,9077770,545132600,10.521234
Germany,DEU,2009,317904580,167411630,7698685,493014895,9.720574
Germany,DEU,2010,343363970,184003630,8327157,535694757,10.237197
Germany,DEU,2011,344697900,168410510,8615257,521723667,9.934633
Germany,DEU,2012,349803230,168062220,8323075.5,526188525.5,9.978385
Germany,DEU,2013,356889630,170536110,8588369,536014109,10.176317
Germany,DEU,2014,344850140,152270960,8811073,505932173,9.678314
Germany,DEU,2015,341018340,157455420,8675851,507149611,9.6932535
Germany,DEU,2016,329445100,169467950,8636644,507549694,9.720951
Germany,DEU,2017,310763000,171412180,8585296,490760476,9.50829
Germany,DEU,2018,295673570,169548560,8726712,473948842,9.100585
Germany,DEU,2019,240086480,172478940,8359100.5,420924520.5,8.504699
Germany,DEU,2020,197357680,167628080,7838883,372824643,7.672972
Germany,DEU,2021,230221060,173484050,7806447,411511557,8.08974
Greece,GRC,1990,39787136,858173,1013733,41659042,8.099008
Greece,GRC,1991,38403524,832723,980799,40217046,8.026472
Greece,GRC,1992,40495056,413329,914815,41823200,8.109611
Greece,GRC,1993,40163876,318099,855204,41337179,7.9789295
Greece,GRC,1994,42133524,200349,786310,43120183,8.117483
Greece,GRC,1995,40427144,193883,829708,41450735,8.106244
Greece,GRC,1996,39230056,207611,802545,40240212,8.248475
Greece,GRC,1997,42628770,428030,847935,43904735,8.625214
Greece,GRC,1998,44556200,1645493,911564,47113257,9.015223
Greece,GRC,1999,43083836,2848433,918902,46851171,8.908136
Greece,GRC,2000,45851396,3982331,955953,50789680,9.328876
Greece,GRC,2001,47019610,3922968,983671,51926249,9.515908
Greece,GRC,2002,45544276,4240238,999202,50783716,9.462387
Greece,GRC,2003,45615896,4756901,980828,51353625,9.816556
Greece,GRC,2004,47093908,5244634,993123,53331665,9.850148
Greece,GRC,2005,46604028,5384885,1135648,53124561,10.247849
Greece,GRC,2006,42793816,6283828,1036589,50114233,10.122328
Greece,GRC,2007,45192548,7808080,1064938,54065566,10.327349
Greece,GRC,2008,43285276,8109119.5,904383,52298778.5,10.03108
Greece,GRC,2009,42242944,6623295,739599,49605838,9.43601
Greece,GRC,2010,41259856,7166043,712046,49137945,8.823278
Greece,GRC,2011,42079616,8810981,678140,51568737,8.587692
Greece,GRC,2012,43256950,8094043.5,638873,51989866.5,8.335977
Greece,GRC,2013,37290716,7335771,531241,45157728,7.486669
Greece,GRC,2014,35227170,5559040,537453,41323663,7.239236
Greece,GRC,2015,29948850,6034755,489452,36473057,6.9334774
Greece,GRC,2016,23593526,7912128,499420,32005074,6.6386867
Greece,GRC,2017,26019318,9536080,561509,36116907,6.9999475
Greece,GRC,2018,24851032,9071745,588170,34510947,6.7506948
Greece,GRC,2019,17874124,9998173,571265,28443562,6.218656
Greece,GRC,2020,10129119,11042299,384674,21556092,5.2900543
Greece,GRC,2021,9775375,12152421,384674,22312470,5.390837
Hungary,HUN,1990,26417064,20405940,1352987,48175991,7.0572104
Hungary,HUN,1991,25086488,20459526,992322,46538336,6.714017
Hungary,HUN,1992,20644084,17576422,860227,39080733,5.986927
Hungary,HUN,1993,20555288,19110368,840041,40505697,6.1201777
Hungary,HUN,1994,18683496,19412322,866027,38961845,5.974082
Hungary,HUN,1995,18389328,20910530,881995,40181853,5.94464
Hungary,HUN,1996,18874846,23528654,792477,43195977,6.1140003
Hungary,HUN,1997,18317740,22435570,800385,41553695,5.9908834
Hungary,HUN,1998,17182500,22464834,811548,40458882,5.96081
Hungary,HUN,1999,17561258,22759460,797162,41117880,6.0275817
Hungary,HUN,2000,16473463,22205794,682362,39361619,5.7209215
Hungary,HUN,2001,15899623,24647062,682340,41229025,5.8919706
Hungary,HUN,2002,15628517,24844400,671444,41144361,5.814186
Hungary,HUN,2003,16162075,27226688,752882,44141645,6.103559
Hungary,HUN,2004,15477004,26815476,827922,43120402,5.9566655
Hungary,HUN,2005,13598124,28024506,938966,42561596,5.983628
Hungary,HUN,2006,13617368,26511686,926705,41055759,5.9294853
Hungary,HUN,2007,13571612,25106068,912488,39590168,5.8313584
Hungary,HUN,2008,13063768,24616784,887944,38568496,5.7113843
Hungary,HUN,2009,11189071,21363976,593843,33146890,5.141993
Hungary,HUN,2010,11672042,22917574,583391,35173007,5.2137384
Hungary,HUN,2011,11954756,21875410,581925,34412091,5.042709
Hungary,HUN,2012,11455735,19571816,556684,31584235,4.7124424
Hungary,HUN,2013,10165985,18384958,547332,29098275,4.407595
Hungary,HUN,2014,10184977,17120246,539262,27844485,4.4315224
Hungary,HUN,2015,10517019,18229804,567669,29314492,4.739159
Hungary,HUN,2016,9769268,19365320,564309,29698897,4.800059
Hungary,HUN,2017,10047647,20486028,583128,31116803,5.058283
Hungary,HUN,2018,9446999,19846076,581535,29874610,5.059481
Hungary,HUN,2019,8186140,19969006,543644,28698790,5.038442
Hungary,HUN,2020,7440498,20895434,484817,28820749,4.8494077
Hungary,HUN,2021,6391263,22112328,484817,28988408,4.9902883
Ireland,IRL,1990,14658914,4414026,587761,19660701,9.452202
Ireland,IRL,1991,14367054,4546653,525535,19439242,9.608038
Ireland,IRL,1992,13765116,4516569,435569,18717254,9.493141
Ireland,IRL,1993,13195587,5220705,579426,18995718,9.509086
Ireland,IRL,1994,12556833,5151802,492344,18200979,9.787742
Ireland,IRL,1995,12668263,5527482,699776,18895521,10.016238
Ireland,IRL,1996,13073998,6178322,699421,19951741,10.388723
Ireland,IRL,1997,12210017,6591682,663412,19465111,10.66025
Ireland,IRL,1998,11892729,6720842,534707,19148278,11.066219
Ireland,IRL,1999,10289113,7189719,570937,18049769,11.408902
Ireland,IRL,2000,11107352,8208982.5,574263,19890597.5,12.005749
Ireland,IRL,2001,11659160,8601435,595530,20856125,12.433371
Ireland,IRL,2002,11314750,8632560,477482,20424792,11.83322
Ireland,IRL,2003,10842907,8839606,602127,20284640,11.540162
Ireland,IRL,2004,10206544,8756195,452777,19415516,11.450207
Ireland,IRL,2005,11160260,8400047,462474,20022781,11.685034
Ireland,IRL,2006,10020683,9428956,445749,19895388,11.241277
Ireland,IRL,2007,9670674,10207724,583145,20461543,10.932585
Ireland,IRL,2008,9643891,10771399,457058,20872348,10.637709
Ireland,IRL,2009,8604719,10381640,465869,19452228,9.373603
Ireland,IRL,2010,8426884,11365219,621873,20413976,9.237014
Ireland,IRL,2011,8310956,9850020,561676,18722652,8.374155
Ireland,IRL,2012,9621590,9523164,444342,19589096,8.374792
Ireland,IRL,2013,8738544,9066713,705641,18510898,8.124456
Ireland,IRL,2014,8647303,8795856,580406,18023565,7.973107
Ireland,IRL,2015,9351334,8888227,579496,18819057,8.298328
Ireland,IRL,2016,9205271,9910448,608474,19724193,8.560502
Ireland,IRL,2017,7869732,10151617,532997,18554346,8.189266
Ireland,IRL,2018,6354160,10598650,639563,17592373,8.069567
Ireland,IRL,2019,4543313,10835910,508972,15888195,7.623673
Ireland,IRL,2020,3757762,10951807,537006,15246575,7.107224
Ireland,IRL,2021,6292886,10501618,537006,17331510,7.5283546
Italy,ITA,1990,69580090,88992264,4919549,163491903,7.7444763
Italy,ITA,1991,65966188,94754984,5048071,165769243,7.7312803
Italy,ITA,1992,58065030,94458120,5110436,157633586,7.729908
Italy,ITA,1993,52079080,96872430,5072465,154023975,7.589396
Italy,ITA,1994,54772144,92793640,4858050,152423834,7.4853764
Italy,ITA,1995,58416932,102912720,4984957,166314609,7.907623
Italy,ITA,1996,53524420,106189940,4637410,164351770,7.8038206
Italy,ITA,1997,54146180,109923340,4670212,168739732,7.9007072
Italy,ITA,1998,54867124,118554696,4612322,178034142,8.113035
Italy,ITA,1999,53939636,129051464,4669590,187660690,8.190787
Italy,ITA,2000,56032190,134813300,4932415,195777905,8.259029
Italy,ITA,2001,59024470,135107380,5186114,199317964,8.256306
Italy,ITA,2002,60015668,135864670,5316048,201196386,8.37015
Italy,ITA,2003,65125830,149024220,5542327,219692377,8.636659
Italy,ITA,2004,72217310,154661760,5832673,232711743,8.668467
Italy,ITA,2005,71264930,165659600,5958352,242882882,8.629837
Italy,ITA,2006,70786904,162584740,5938934,239310578,8.503296
Italy,ITA,2007,70675250,163512340,5922195,240109785,8.346019
Italy,ITA,2008,68138770,167141920,5424222,240704912,8.085689
Italy,ITA,2009,52387804,154034300,3958034,210380138,7.130191
Italy,ITA,2010,58218056,164346880,4111436,226676372,7.290197
Italy,ITA,2011,65439040,153000380,4183009.2,222622429.2,7.0678806
Italy,ITA,2012,66958990,147713820,3745189,218417999,6.7070255
Italy,ITA,2013,57781948,137700980,3434768,198917696,6.1293945
Italy,ITA,2014,55837156,121589384,3287696,180714236,5.792012
Italy,ITA,2015,53062916,132756290,3040286,188859492,5.9961104
Italy,ITA,2016,48558932,140792000,2947833,192298765,5.9579296
Italy,ITA,2017,42039750,148758160,3097127,193895037,5.878529
Italy,ITA,2018,39424356,143671680,3158657,186254693,5.828657
Italy,ITA,2019,30657924,146758420,3033228,180449572,5.679641
Italy,ITA,2020,22269892,140800750,2752660,165823302,5.080263
Italy,ITA,2021,23999726,150955940,2752660,177708326,5.5483704
Latvia,LVA,1990,2811669,5493226,548588,8853483,7.310705
Latvia,LVA,1991,2455090,5454966,396911,8306967,6.688915
Latvia,LVA,1992,2163498,3976077,116671,6256246,5.330067
Latvia,LVA,1993,1994787,2593993,46972,4635752,4.5176196
Latvia,LVA,1994,1520794,1874322,32186.002,3427302.002,3.9785733
Latvia,LVA,1995,1111259,2297133,33491,3441883,3.5537934
Latvia,LVA,1996,1039513.94,1976588,33655,3049756.94,3.6347492
Latvia,LVA,1997,941060,2417490,32024,3390574,3.4734604
Latvia,LVA,1998,703367,2370038,37181,3110586,3.3731744
Latvia,LVA,1999,538523,2264463,37240,2840226,3.180782
Latvia,LVA,2000,569863,2504234,38990,3113087,2.9598172
Latvia,LVA,2001,525763,2905579,35629,3466971,3.177411
Latvia,LVA,2002,435511,2979214,52554,3467279,3.232915
Latvia,LVA,2003,387864,3091749,59197,3538810,3.3673525
Latvia,LVA,2004,321560,3071750,38593,3431903,3.4155488
Latvia,LVA,2005,361700,3151856,32509,3546065,3.4974895
Latvia,LVA,2006,381311,3261517,25242,3668070,3.7704818
Latvia,LVA,2007,453590,3146682,33040,3633312,3.9691484
Latvia,LVA,2008,440299,3084859,33866,3559024,3.8122451
Latvia,LVA,2009,362411,2827001,16899,3206311,3.5066164
Latvia,LVA,2010,455342,3392969,24363,3872674,4.070399
Latvia,LVA,2011,442418,2975287,20018,3437723,3.760661
Latvia,LVA,2012,400164,2792478,21771,3214413,3.6615124
Latvia,LVA,2013,301134,2728688,26541,3056363,3.6271079
Latvia,LVA,2014,242430,2448369,31812.002,2722611.002,3.5662947
Latvia,LVA,2015,190231,2505960,29193,2725384,3.6457217
Latvia,LVA,2016,165653,2607191,32370.002,2805214.002,3.653615
Latvia,LVA,2017,167253,2299365,34606,2501224,3.6907718
Latvia,LVA,2018,197038,2703732,45065,2945835,4.06036
Latvia,LVA,2019,166208,2548376,54004,2768588,3.9908507
Latvia,LVA,2020,98523,2103025,71604,2273152,3.686823
Latvia,LVA,2021,137075,2270890,71604,2479569,3.877535
Lithuania,LTU,1990,3187051,10583082,482133,14252266,9.44774
Lithuania,LTU,1991,3555129,10916733,480545,14952407,9.9777775
Lithuania,LTU,1992,1662027,6290001,342213,8294241,5.5855803
Lithuania,LTU,1993,1464818,3413910,137429,5016157,4.3166447
Lithuania,LTU,1994,1220176,3978810,102658,5301644,4.1907725
Lithuania,LTU,1995,979148,4565558,118507,5663213,4.0273476
Lithuania,LTU,1996,895311,4926515,99101,5920927,4.2378683
Lithuania,LTU,1997,737671,4547781,86816,5372268,4.1127934
Lithuania,LTU,1998,646718,4000729,108352,4755799,4.373351
Lithuania,LTU,1999,547675,4031561,82010,4661246,3.7102818
Lithuania,LTU,2000,378470,4530097,70990,4979557,3.299331
Lithuania,LTU,2001,342059,4642064,79839,5063962,3.5467865
Lithuania,LTU,2002,547510,4738516,70847,5356873,3.6120267
Lithuania,LTU,2003,713543,5127024,76688,5917255,3.6581442
Lithuania,LTU,2004,687531,5177496,80878,5945905,3.8822336
Lithuania,LTU,2005,763105,5552448,67163,6382716,4.184753
Lithuania,LTU,2006,1030194.06,5517216,88421,6635831.06,4.343772
Lithuania,LTU,2007,1024928,6551531,80825,7657284,4.8355875
Lithuania,LTU,2008,867360,5836302,77439,6781101,4.7153907
Lithuania,LTU,2009,688946,4921338,28267,5638551,4.101024
Lithuania,LTU,2010,842852,5663580,44790,6551222,4.4429817
Lithuania,LTU,2011,972862,6160258,69826,7202946,4.610886
Lithuania,LTU,2012,950419,5937292,73841,6961552,4.684262
Lithuania,LTU,2013,1091504,4914412,72103,6078019,4.410545
Lithuania,LTU,2014,922524,4634943,88612,5646079,4.376761
Lithuania,LTU,2015,735889,4648749,77377,5462015,4.494177
Lithuania,LTU,2016,748809,4148532,73634,4970975,4.551006
Lithuania,LTU,2017,801037,4278543,53986,5133566,4.672769
Lithuania,LTU,2018,858890,3949079,39615,4847584,4.7603407
Lithuania,LTU,2019,800845,4081111,36609,4918565,4.886943
Lithuania,LTU,2020,621598,4242133,29810,4893541,4.8410826
Lithuania,LTU,2021,731517,4004370.2,29810,4765697.2,4.981188
Luxembourg,LUX,1990,6302350,1035802.94,59861,7398013.94,31.01004
Luxembourg,LUX,1991,6015192,1074272,55418,7144882,32.202354
Luxembourg,LUX,1992,5539509,1121533,64719,6725761,31.18512
Luxembourg,LUX,1993,5735721,1160559,65463,6961743,31.143454
Luxembourg,LUX,1994,4843936,1173529,67999,6085464,28.709126
Luxembourg,LUX,1995,2704531,1342809,67338,4114678,22.450573
Luxembourg,LUX,1996,2459654,1461488,66568,3987710,22.269045
Luxembourg,LUX,1997,1541343,1491388,66124,3098855,20.443844
Luxembourg,LUX,1998,420315,1495254,59061,1974630,18.121647
Luxembourg,LUX,1999,443780,1546433,66526,2056739,18.930565
Luxembourg,LUX,2000,470808,1609222,68167,2148197,19.993763
Luxembourg,LUX,2001,471383,1780522,67715,2319620,20.866737
Luxembourg,LUX,2002,370870,2540122,68282,2979274,22.38896
Luxembourg,LUX,2003,345734,2575653,67690,2989077,23.173029
Luxembourg,LUX,2004,385448,2859274,69682,3314404,25.839106
Luxembourg,LUX,2005,377213,2829239,69100,3275552,26.002728
Luxembourg,LUX,2006,469509,2958445,67858,3495812,25.233503
Luxembourg,LUX,2007,407653,2731198,69968,3208819,23.584751
Luxembourg,LUX,2008,355641,2594217,69256,3019114,22.888844
Luxembourg,LUX,2009,339359,2658786,67460,3065605,21.368706
Luxembourg,LUX,2010,326491,2842103,69914,3238508,22.09173
Luxembourg,LUX,2011,314884,2464277,70322,2849483,21.425722
Luxembourg,LUX,2012,285579,2500064,67957,2853600,20.48164
Luxembourg,LUX,2013,276175,2115234,53984,2445393,19.013021
Luxembourg,LUX,2014,277324,2006066.1,74095,2357485.1,17.67422
Luxembourg,LUX,2015,288220,1829656,76120,2193996,16.41591
Luxembourg,LUX,2016,294294,1681755,76495,2052544,15.580967
Luxembourg,LUX,2017,282571,1656906,76827,2016304,15.531365
Luxembourg,LUX,2018,267196,1608910,77475,1953581,15.736727
Luxembourg,LUX,2019,274406,1608057,78527,1960990,15.729075
Luxembourg,LUX,2020,237493,1469367,49238,1756098,12.843433
Luxembourg,LUX,2021,209190,1571392,49238,1829820,13.067673
Malta,MLT,1990,709556,56,1436,711048,6.5523267
Malta,MLT,1991,574808,113,1501,576422,6.070661
Malta,MLT,1992,484881,56,1274,486211,6.163295
Malta,MLT,1993,709569,69,1280,710918,7.649155
Malta,MLT,1994,482538,78,1555,484171,6.9945927
Malta,MLT,1995,123063,83,1510,124656,6.3882575
Malta,MLT,1996,46,46,1400,1492,6.620106
Malta,MLT,1997,74,74,1537,1685,6.575219
Malta,MLT,1998,67,67,963,1097,6.4042425
Malta,MLT,1999,46,46,275,367,6.5451207
Malta,MLT,2000,29,29,213,271,6.280515
Malta,MLT,2001,68,68,201,337,6.5836935
Malta,MLT,2002,57,57,198,312,6.641292
Malta,MLT,2003,32,32,129,193,7.275362
Malta,MLT,2004,52,52,182,286,6.8980665
Malta,MLT,2005,86,86,57,229,6.447007
Malta,MLT,2006,31,31,179,241,6.472841
Malta,MLT,2007,34,34,67,135,6.6279073
Malta,MLT,2008,20,20,46,86,6.6275945
Malta,MLT,2009,32,32,111,175,6.083221
Malta,MLT,2010,32,32,185,249,6.1828814
Malta,MLT,2011,43,43,175,261,6.0843673
Malta,MLT,2012,11,11,901,923,6.341314
Malta,MLT,2013,11,11,2538,2560,5.437763
Malta,MLT,2014,23,23,2478,2524,5.2959847
Malta,MLT,2015,23,23,1886,1932,3.647275
Malta,MLT,2016,12,12,1125,1149,2.8999438
Malta,MLT,2017,12,552342,291,552645,3.1926084
Malta,MLT,2018,12,680744,204,680960,3.1468256
Malta,MLT,2019,11,708166,183,708360,3.2745082
Malta,MLT,2020,0,736261,191,736452,3.103779
Malta,MLT,2021,0,843280,191,843471,3.273186
Netherlands,NLD,1990,34193216,73122424,1178075,108493715,10.827152
Netherlands,NLD,1991,31654614,81308370,1164468,114127452,11.313358
Netherlands,NLD,1992,31238888,79300136,1150612,111689636,11.221616
Netherlands,NLD,1993,31581532,81861340,1171948,114614820,11.160256
Netherlands,NLD,1994,34654616,78700400,1346501,114701517,11.126601
Netherlands,NLD,1995,34700636,81002936,1298538,117002110,11.154517
Netherlands,NLD,1996,33335746,89999540,1255637,124590923,11.677509
Netherlands,NLD,1997,32503296,84033290,1196732,117733318,11.164028
Netherlands,NLD,1998,33327228,82968776,1191189,117487193,11.159803
Netherlands,NLD,1999,29306972,81017390,1109287,111433649,10.746852
Netherlands,NLD,2000,30686524,80976670,1093214,112756408,10.760471
Netherlands,NLD,2001,32697144,83049310,1175148,116921602,11.025629
Netherlands,NLD,2002,32950344,82163870,1103515,116217729,10.934002
Netherlands,NLD,2003,34033140,82767750,1111118,117912008,11.099333
Netherlands,NLD,2004,33535618,85119640,1118365,119773623,11.168892
Netherlands,NLD,2005,32289048,82548930,1163883,116001861,10.879296
Netherlands,NLD,2006,30715230,80002780,1142681,111860691,10.541189
Netherlands,NLD,2007,33032612,77470824,1146310,111649746,10.485729
Netherlands,NLD,2008,32019458,81202184,1171231,114392873,10.622411
Netherlands,NLD,2009,29412824,81738630,1049755,112201209,10.252012
Netherlands,NLD,2010,30421528,91539416,1108113,123069057,10.924079
Netherlands,NLD,2011,29621894,79728370,1193970,110544234,10.074542
Netherlands,NLD,2012,31877190,76114870,1226182,109218242,9.811491
Netherlands,NLD,2013,32443576,76947370,1203794,110594740,9.762913
Netherlands,NLD,2014,35796984,67011160,1274395,104082539,9.298976
Netherlands,NLD,2015,43545750,66148064,1273351,110967165,9.632149
Netherlands,NLD,2016,40067732,68948130,1302977,110318839,9.6272545
Netherlands,NLD,2017,36032110,70730030,1382841,108144981,9.443368
Netherlands,NLD,2018,32532566,69856870,1307055,103696491,9.176643
Netherlands,NLD,2019,25307930,72474010,1182532,98964472,8.813599
Netherlands,NLD,2020,16994710,70666980,1100655,88762345,7.906681
Netherlands,NLD,2021,23000830,68082750,1093249,92176829,8.058957
Poland,POL,1990,302284350,18721662,5737109,326743121,9.899408
Poland,POL,1991,303094370,17129286,4577474,324801130,9.794603
Poland,POL,1992,293860400,16610649,4361893,314832942,9.535346
Poland,POL,1993,293178500,16835654,4420111,314434265,9.536919
Poland,POL,1994,283682620,18123872,4388337,306194829,9.394602
Poland,POL,1995,282564670,19090838,4816122,306471630,9.449833
Poland,POL,1996,293186100,19810368,4764726,317761194,9.8323965
Poland,POL,1997,277515800,21004012,5101689,303621501,9.571921
Poland,POL,1998,251777220,20625150,5020518,277422888,8.842245
Poland,POL,1999,239662910,20427940,4722623,264813473,8.592173
Poland,POL,2000,228826770,21837938,4722451,255387159,8.251497
Poland,POL,2001,226152060,22634714,4468178,253254952,8.117609
Poland,POL,2002,219897200,22422074,4445709,246764983,7.933514
Poland,POL,2003,226405780,24832386,4631908,255870074,8.275798
Poland,POL,2004,226423710,26562928,4846068,257832706,8.405946
Poland,POL,2005,222637680,27401460,4495820,254534960,8.383716
Poland,POL,2006,232308060,27630416,4393222,264331698,8.7507715
Poland,POL,2007,227707330,27910740,4440688,260058758,8.741307
Poland,POL,2008,220472080,28134334,4380313,252986727,8.57893
Poland,POL,2009,209073550,27273394,3964926,240311870,8.218549
Poland,POL,2010,220927200,29134714,4282057,254343971,8.6772
Poland,POL,2011,218378980,29325020,4702057,252406057,8.656909
Poland,POL,2012,214039890,30558496,4270922,248869308,8.458965
Poland,POL,2013,214314380,30803980,4277644,249396004,8.357247
Poland,POL,2014,202997330,29463594,4410747,236871671,8.043131
Poland,POL,2015,201647490,30634032,4384515,236666037,8.130483
Poland,POL,2016,202098990,32419594,4801410,239319994,8.418466
Poland,POL,2017,203597980,34129784,4759346,242487110,8.764865
Poland,POL,2018,198827000,34283400,4836724,237947124,8.749628
Poland,POL,2019,177935000,35490788,4867646,218293434,8.273783
Poland,POL,2020,164234620,36764228,5076966,206075814,7.8984118
Poland,POL,2021,179501980,40570440,5076966,225149386,8.577376
Portugal,PRT,1990,10993122,1008721.94,536602,12538445.94,4.529181
Portugal,PRT,1991,11594342,947256,556368,13097966,4.7205753
Portugal,PRT,1992,11880207,592005,572461,13044673,5.1078506
Portugal,PRT,1993,12535786,554718,578761,13669265,4.9522715
Portugal,PRT,1994,13188193,442128,621677,14251998,5.017036
Portugal,PRT,1995,14593637,784449,679054,16057140,5.424642
Portugal,PRT,1996,13549647,925162,681559,15156368,5.1365
Portugal,PRT,1997,13732245,1139971,749576,15621792,5.398959
Portugal,PRT,1998,12306749,2457601,805665,15570015,5.8203225
Portugal,PRT,1999,14908890,6465323,844542,22218755,6.5373993
Portugal,PRT,2000,15014825,5727495,894031,21636351,6.3768463
Portugal,PRT,2001,12713208,6281993,915171,19910372,6.289853
Portugal,PRT,2002,13719936,7374404,899884,21994224,6.6766267
Portugal,PRT,2003,12987083,7331631,860600,21179314,6.1621084
Portugal,PRT,2004,13093647,9148407,898453,23140507,6.4167027
Portugal,PRT,2005,13076151,9615703,875717,23567571,6.6250978
Portugal,PRT,2006,13081500,9091098,854731,23027329,6.157459
Portugal,PRT,2007,11445835,9749820,920677,22116332,5.9095283
Portugal,PRT,2008,9849230,10494898,955230,21299358,5.680654
Portugal,PRT,2009,10750165,9719734,834110,21304009,5.4013443
Portugal,PRT,2010,6439521,10485697,765266,17690484,5.0056057
Portugal,PRT,2011,8646575,10508884,830675,19986134,4.9032145
Portugal,PRT,2012,11149684,9096887,935853,21182424,4.7480807
Portugal,PRT,2013,10205903,8107207.5,859584,19172694.5,4.602543
Portugal,PRT,2014,10327998,7642641,854281,18824920,4.6064634
Portugal,PRT,2015,12574970,9110765,877875,22563610,5.042749
Portugal,PRT,2016,10831652,9819985,851272,21502909,4.881782
Portugal,PRT,2017,12406546,12305273,875594,25587413,5.3562975
Portugal,PRT,2018,10388611,11325774,931998,22646383,5.000966
Portugal,PRT,2019,5039867,12157955,909982,18107804,4.6277156
Portugal,PRT,2020,2430948,11992691,838594,15262233,4.0589566
Portugal,PRT,2021,1101646,11648769,838594,13589009,3.9647021
Romania,ROU,1990,51628332,70634710,1704772,123967814,7.595993
Romania,ROU,1991,42547650,57403804,1292540,101243994,6.2127767
Romania,ROU,1992,44659380,45851264,1082346,91592990,5.767735
Romania,ROU,1993,40076460,43634940,964493,84675893,5.381586
Romania,ROU,1994,40590090,42493028,940919,84024037,5.3260074
Romania,ROU,1995,42040790,44146990,1011050,87198830,5.5732417
Romania,ROU,1996,41608160,43680484,1011831.06,86300475.06,5.751464
Romania,ROU,1997,36999108,35924820,954535,73878463,5.2922945
Romania,ROU,1998,31031154,33579132,1128595,65738881,4.710877
Romania,ROU,1999,25417516,30501620,982978,56902114,4.0091248
Romania,ROU,2000,28864064,30946934,1039214.94,60850212.94,4.227591
Romania,ROU,2001,31046364,29629864,1184666,61860894,4.5028343
Romania,ROU,2002,32006230,30971148,1148052,64125430,4.5423007
Romania,ROU,2003,34889628,33766404,1170525,69826557,4.787612
Romania,ROU,2004,34631496,31964646,1248126,67844268,4.79629
Romania,ROU,2005,34420900,30537296,1081054,66039250,4.752538
Romania,ROU,2006,37060428,31406264,1233177,69699869,4.9346356
Romania,ROU,2007,40941284,30721112,1506608,73169004,5.200805
Romania,ROU,2008,39565136,31130564,1381952,72077652,5.1390567
Romania,ROU,2009,31592474,25237256,1017192.94,57846922.94,4.251006
Romania,ROU,2010,28527538,27503574,1088175,57119287,4.161877
Romania,ROU,2011,33285690,28386938,1109245,62781873,4.537744
Romania,ROU,2012,30679978,28172992,1047181.94,59900151.94,4.4812403
Romania,ROU,2013,24662332,25140402,1010805.94,50813539.94,3.9333878
Romania,ROU,2014,24429036,24069464,1241558,49740058,3.9234908
Romania,ROU,2015,24681830,23467766,1155481,49305077,3.9182136
Romania,ROU,2016,21990650,23366268,1215986,46572904,3.8898997
Romania,ROU,2017,21839268,24392130,1305486,47536884,4.06333
Romania,ROU,2018,20694594,25411728,1314310,47420632,4.10655
Romania,ROU,2019,18309118,23158258,1175876,42643252,3.9453893
Romania,ROU,2020,14234452,25117992,870231,40222675,3.8132834
Romania,ROU,2021,16450983,25509732,870231,42830946,4.104127
Slovakia,SVK,1990,33628732,12239404,1295254,47163390,11.683437
Slovakia,SVK,1991,28893412,11940535,927683,41761630,10.091189
Slovakia,SVK,1992,25886478,12021816,737845,38646139,9.220135
Slovakia,SVK,1993,24710446,11554061,828490,37092997,8.709077
Slovakia,SVK,1994,22224740,11204342,835845,34264927,8.195514
Slovakia,SVK,1995,21392124,12399601,954316,34746041,8.250905
Slovakia,SVK,1996,20777708,13034880,943131,34755719,8.21596
Slovakia,SVK,1997,20524982,13289181,911342,34725505,8.217837
Slovakia,SVK,1998,19199302,13660349,1036415,33896066,8.159368
Slovakia,SVK,1999,18411846,13868410,1079154,33359410,8.007174
Slovakia,SVK,2000,17767684,13653135,1073994,32494813,7.650778
Slovakia,SVK,2001,18386206,14410537,1157869,33954612,8.038924
Slovakia,SVK,2002,17994830,13514282,1214201,32723313,7.806386
Slovakia,SVK,2003,18933750,13144154,1134766,33212670,7.8695145
Slovakia,SVK,2004,18991206,12906505,1274284,33171995,7.959214
Slovakia,SVK,2005,17752234,13147241,1285836,32185311,7.958865
Slovakia,SVK,2006,18761906,12239938,1212343,32214187,7.913375
Slovakia,SVK,2007,17560756,11382871,1223961,30167588,7.617212
Slovakia,SVK,2008,17059462,11772301,1274127,30105890,7.6852107
Slovakia,SVK,2009,16026508,10409862,945953,27382323,6.9813557
Slovakia,SVK,2010,16050049,11049382,1089492,28188923,7.1165466
Slovakia,SVK,2011,16303343,10424417,1112692,27840452,7.0307317
Slovakia,SVK,2012,14579966,10060666,1032367.94,25672999.94,6.638661
Slovakia,SVK,2013,14276064,10235812,906909,25418785,6.5682817
Slovakia,SVK,2014,14083550,8485533,926283,23495366,6.2101245
Slovakia,SVK,2015,13918411,8713932,855204,23487547,6.3542356
Slovakia,SVK,2016,13828549,8849289,849269,23527107,6.4282007
Slovakia,SVK,2017,14284374,9389796,912695,24586865,6.6390653
Slovakia,SVK,2018,14206341,9358968,937070,24502379,6.628356
Slovakia,SVK,2019,11778465,9369659,885396,22033520,6.1929975
Slovakia,SVK,2020,9955995,9287948,784032,20027975,5.698469
Slovakia,SVK,2021,12579047,10394417,784032,23757496,6.481401
Slovenia,SVN,1990,7127529,1739789,271496,9138814,7.600514
Slovenia,SVN,1991,6359532,1767850,215194,8342576,7.0229397
Slovenia,SVN,1992,6818207,1477840,173664,8469711,6.9718843
Slovenia,SVN,1993,6293279,1476789,173253,7943321,7.1533284
Slovenia,SVN,1994,5965098,1519088,192928,7677114,7.3496566
Slovenia,SVN,1995,6070313,1531938,169430,7771681,7.7113476
Slovenia,SVN,1996,5590628,1634098,154967,7379693,8.037151
Slovenia,SVN,1997,6021695,1566635,156163,7744493,8.295604
Slovenia,SVN,1998,6180707,1627367,153821,7961895,8.066681
Slovenia,SVN,1999,5562565,1669466,152133,7384164,7.759471
Slovenia,SVN,2000,5819048,1704946,129287.01,7653281.01,7.5862494
Slovenia,SVN,2001,6487862,1750189,138837,8376888,8.223283
Slovenia,SVN,2002,6897399,1713865,130338,8741602,8.350009
Slovenia,SVN,2003,6484226,1884429,135063,8503718,8.178962
Slovenia,SVN,2004,6685963,1898189,132018,8716170,8.365925
Slovenia,SVN,2005,6649171,1927768,166756,8743695,8.445975
Slovenia,SVN,2006,6696687,1902045,179910,8778642,8.531248
Slovenia,SVN,2007,6941250,1885773,179048,9006071,8.571844
Slovenia,SVN,2008,6679762,1877620,172334,8729716,8.986271
Slovenia,SVN,2009,6141165,1785153,112119,8038437,7.921489
Slovenia,SVN,2010,6283570,1881926,137775,8303271,8.000568
Slovenia,SVN,2011,6326528,1750606,133147,8210281,7.920078
Slovenia,SVN,2012,5992192,1684006,116757,7792955,7.61611
Slovenia,SVN,2013,5740609,1642544,101629,7484782,7.3024087
Slovenia,SVN,2014,4505375,1488253,98983,6092611,6.5391197
Slovenia,SVN,2015,4615338,1578428,101214,6294980,6.5613613
Slovenia,SVN,2016,4963894,1683866,103096,6750856,6.9207873
Slovenia,SVN,2017,4906708,1753276,101662,6761646,6.9681916
Slovenia,SVN,2018,4792092,1720399,106875,6619366,6.898
Slovenia,SVN,2019,4530459,1753026,105873,6389358,6.6487336
Slovenia,SVN,2020,4392651,1749733,104681,6247065,6.0757203
Slovenia,SVN,2021,3614252,1842921,104681,5561854,5.921149
Spain,ESP,1990,79876376,12076059,3000987,94953422,5.948293
Spain,ESP,1991,82396344,13475624,2944711,98816679,6.1818576
Spain,ESP,1992,85649650,14585486,2857643,103092779,6.375635
Spain,ESP,1993,82449020,14184076,2872097,99505193,6.1211467
Spain,ESP,1994,82940910,15228302,3139996,101309208,6.405348
Spain,ESP,1995,85879300,18895140,3324347,108098787,6.7205915
Spain,ESP,1996,72659256,21306302,3350885,97316443,6.376788
Spain,ESP,1997,75331440,27506456,3497397,106335293,6.659769
Spain,ESP,1998,73455560,28480628,3707584,105643772,6.8426285
Spain,ESP,1999,83531144,32520404,3950638,120002186,7.392838
Spain,ESP,2000,88321496,37172468,4268277,129762241,7.6500244
Spain,ESP,2001,81098080,39990180,4290330,125378590,7.655548
Spain,ESP,2002,90916850,45048964,4486492,140452306,8.046027
Spain,ESP,2003,84293096,51303424,4573219,140169739,8.004824
Spain,ESP,2004,87367010,58762092,4783836,150912938,8.259559
Spain,ESP,2005,87765560,68937970,4822123,161525653,8.47116
Spain,ESP,2006,77952430,74038400,5085883,157076713,8.129162
Spain,ESP,2007,84629070,75655576,4817222,165101868,8.155138
Spain,ESP,2008,59334170,82552070,4129581,146015821,7.3353877
Spain,ESP,2009,45080876,73709920,3046724,121837520,6.4214387
Spain,ESP,2010,36352370,73658984,3147590,113158944,6.104053
Spain,ESP,2011,54215350,68060350,3281089,125556789,6.101796
Spain,ESP,2012,63252868,65115348,2919581,131287797,5.9753714
Spain,ESP,2013,49190516,59096932,2871917,111159365,5.4309855
Spain,ESP,2014,54142110,54292450,2924593,111359153,5.497936
Spain,ESP,2015,61840900,56649536,3041386,121531822,5.861658
Spain,ESP,2016,45677290,57702444,2874637,106254371,5.621024
Spain,ESP,2017,53592704,62580148,3037047,119209899,5.9044347
Spain,ESP,2018,48066132,61902588,3090723,113059443,5.771329
Spain,ESP,2019,23622476,71252820,3019919,97895215,5.343047
Spain,ESP,2020,14300041,64320816,2685201,81306058,4.504277
Spain,ESP,2021,18575482,67109060,2685201,88369743,4.9202914
Sweden,SWE,1990,11760660,1616644,573950,13951254,6.7357683
Sweden,SWE,1991,11845040,1743957,536703,14125700,6.743007
Sweden,SWE,1992,11107189,2022702.9,474197,13604088.9,6.676742
Sweden,SWE,1993,11051815,2092870,514574,13659259,6.6478534
Sweden,SWE,1994,11243240,2058762.1,612420,13914422.1,6.8993874
Sweden,SWE,1995,11239415,2093720.9,564450,13897585.9,6.805401
Sweden,SWE,1996,12410754,2258479,587220,15256453,7.23031
Sweden,SWE,1997,10804571,2288827,600509,13693907,6.6333156
Sweden,SWE,1998,11126235,2264820,656043,14047098,6.6707106
Sweden,SWE,1999,10052946,2194564,663324,12910834,6.3320823
Sweden,SWE,2000,10118513,2116386,639212,12874111,6.187623
Sweden,SWE,2001,10957757,2436099,618526,14012382,6.274423
Sweden,SWE,2002,11435414,2482448,680712,14598574,6.362483
Sweden,SWE,2003,11563022,2303516,665572,14532110,6.401993
Sweden,SWE,2004,11829304,2238209,659711,14727224,6.2951164
Sweden,SWE,2005,10959664,1907414,748371,13615449,5.9730053
Sweden,SWE,2006,10707015,2085370.1,672762,13465147.1,5.918367
Sweden,SWE,2007,10801239,2194450,747607,13743296,5.7999105
Sweden,SWE,2008,10367231,1920966,702075,12990272,5.533525
Sweden,SWE,2009,7390039,2513168,548572,10451779,5.098307
Sweden,SWE,2010,10342355,3469161,700873,14512389,5.6799107
Sweden,SWE,2011,9496558,2755166,698830,12950554,5.2184615
Sweden,SWE,2012,8666913,2391374,665739,11724026,4.9098644
Sweden,SWE,2013,8743297,2369466,659769,11772532,4.7001395
Sweden,SWE,2014,8115844,2062100.9,574253,10752197.9,4.4604154
Sweden,SWE,2015,8152132,1974905,580635,10707672,4.4410806
Sweden,SWE,2016,8002209.5,2266186,584911,10853306.5,4.361959
Sweden,SWE,2017,8473792,1816615,626533,10916940,4.2457175
Sweden,SWE,2018,8046477.5,1893660,549638,10489775.5,4.142262
Sweden,SWE,2019,8092101,1777568,521847,10391516,3.9913132
Sweden,SWE,2020,6662655,1446498,531832,8640985,3.5215755
Sweden,SWE,2021,5553458,1484117,531832,7569407,3.4249187
