Country,Year,Electricity from fossil fuels (TWh),Electricity from renewables (TWh),Toatl Electricity generation (TWh),EC Renewables (TWh),EC Fossil fuels (TWh),Total Energy consumption (TWh)
Austria,1990,16.66,32.64,49.3,96.89259,238.27486,335.16745
Austria,1991,17.529999,32.65,50.18,96.97279,254.54054,351.51334
Austria,1992,13.79,36.16,49.95,107.38001,238.59088,345.9709
Austria,1993,13.32,38.05,51.37,112.99009,239.1349,352.125
Austria,1994,15.210001,36.899998,52.11,109.527504,240.44193,349.96942
Austria,1995,16.27,38.91,55.18,115.67315,251.3576,367.03076
Austria,1996,17.78,35.79,53.57,106.39695,261.10703,367.50394
Austria,1997,17.86,37.82,55.68,112.44349,262.8246,375.2681
Austria,1998,16.89,39.03,55.92,116.06899,265.21317,381.28217
Austria,1999,17.57,42.35,59.92,125.784775,264.26392,390.04868
Austria,2000,16.41,43.44,59.85,128.99109,262.42456,391.41565
Austria,2001,18.82,42.24,61.06,124.920685,280.44653,405.3672
Austria,2002,18.79,41.9,60.69,123.12208,282.88486,406.00693
Austria,2003,22.82,35.24,58.06,103.139915,307.11383,410.25372
Austria,2004,22.31,39.62,61.93,115.47339,302.39697,417.87033
Austria,2005,23.61,40.88,64.49,118.82487,306.63385,425.45874
Austria,2006,21.62,40.66,62.28,120.292366,300.71646,421.00882
Austria,2007,19.74,43.17,62.91,127.58024,284.4118,411.99207
Austria,2008,19.97,44.53,64.5,131.58855,288.42078,420.0093
Austria,2009,19.12,47.18,66.3,139.61539,267.22955,406.84494
Austria,2010,22.92,44.99,67.91,132.76695,287.3896,420.15656
Austria,2011,21.35,40.91,62.26,120.841354,275.2274,396.06876
Austria,2012,17.37,51.33,68.7,148.79189,265.73227,414.52417
Austria,2013,14.09,50.5,64.59,145.05257,266.15073,411.2033
Austria,2014,11.42,50.2,61.62,144.66635,250.13168,394.79803
Austria,2015,14.26,47.59,61.85,138.20769,256.6368,394.84448
Austria,2016,14.17,51.08,65.25,145.64502,262.3385,407.98352
Austria,2017,16.37,51.05,67.42,144.09386,273.11026,417.2041
Austria,2018,14.98,50.06,65.04,140.98167,267.3313,408.31296
Austria,2019,16.22,54.64,70.86,152.49455,276.53314,429.02768
Austria,2020,13.77,55.42,69.19,153.16536,247.93655,401.10193
Austria,2021,14.2,52.75,66.95,145.65163,257.99292,403.64453
Austria,2022,15.34,49.35,64.69,139.69252,241.89842,381.59094
Belgium,1990,27.01,0.56,70.29,1.7074597,498.42084,621.35266
Belgium,1991,27.79,0.54,71.19,1.6552756,519.6058,642.87976
Belgium,1992,27.34,0.62,71.42,1.8872647,516.315,641.5093
Belgium,1993,27.64,0.51,70.08,1.5568211,510.65756,631.1829
Belgium,1994,30.11,0.61,71.34,1.8318212,546.805,663.908
Belgium,1995,31.490002,0.66999996,73.52,2.0507727,552.72076,672.1198
Belgium,1996,31.240002,0.56,75.14,1.7327287,589.1822,713.8814
Belgium,1997,29.869999,0.6,77.88,1.8033936,584.93756,721.2619
Belgium,1998,35.16,0.76,82.09,2.328797,602.0638,735.3865
Belgium,1999,33.5,0.85,83.37,2.6301074,588.42444,730.141
Belgium,2000,33.58,1.05,82.79,3.2206988,603.48157,743.34845
Belgium,2001,31.2,1.08,78.63,3.3100085,602.8867,736.85876
Belgium,2002,32.44,1.14,80.94,3.518733,597.305,733.4745
Belgium,2003,34.99,1.2,83.57,3.7072606,626.1305,761.691
Belgium,2004,34.11,1.5,82.92,4.6358757,629.1559,764.61993
Belgium,2005,34.39,2.11,84.1,6.5531263,618.7869,756.1178
Belgium,2006,33.46,2.96,83.07,9.171264,621.7085,758.24115
Belgium,2007,34.84,3.49,86.56,10.805004,621.80615,763.469
Belgium,2008,32.82,4.42,82.81,13.687,639.172,775.73395
Belgium,2009,37,5.45,89.67,18.292332,571.00775,715.8491
Belgium,2010,38.39,6.54,92.87,24.401985,612.62366,764.72125
Belgium,2011,32.51,8.31,89.05,29.101002,556.8064,713.59216
Belgium,2012,30.62,10.51,81.42,35.25785,543.64355,684.92365
Belgium,2013,27.37,11.71,81.72,38.324295,552.079,701.9301
Belgium,2014,25.03,12.21,70.94,40.042107,523.214,650.87177
Belgium,2015,27.57,14.45,68.12,44.693233,545.295,657.4427
Belgium,2016,26.19,14.25,83.96,45.997673,551.6957,709.49854
Belgium,2017,26.9,15.8,84.93,50.561905,557.6527,716.0518
Belgium,2018,27.75,17.17,73.52,53.84039,587.7759,714.2191
Belgium,2019,29.32,19.47,92.31,59.65564,568.6818,738.429
Belgium,2020,30,23.46,87.89,72.13415,505.11682,664.0325
Belgium,2021,25.97,22.73,99.03,70.46962,541.55786,738.39417
Belgium,2022,26.38,24.07,94.58,72.73318,498.51526,680.6572
Bulgaria,1990,25.61,1.63,41.9,5.5532255,277.9761,325.1415
Bulgaria,1991,25.239998,2.27,40.69,7.2180104,218.48157,263.10938
Bulgaria,1992,21.99,1.9,35.44,6.100269,208.68484,247.56409
Bulgaria,1993,22.08,1.79,37.84,5.7424726,218.66853,264.0596
Bulgaria,1994,21.34,1.3,37.98,4.3408604,206.19438,254.04854
Bulgaria,1995,22.22,2.17,41.65,6.842473,217.25267,273.0735
Bulgaria,1996,21.71,2.89,42.68,8.631452,212.05858,271.998
Bulgaria,1997,22.119999,2.72,42.59,8.143548,198.69548,257.20776
Bulgaria,1998,21.480001,3.07,41.45,9.157795,190.23712,247.34607
Bulgaria,1999,19.44,2.73,37.98,8.140591,164.30557,217.31862
Bulgaria,2000,19.79,2.63,40.6,7.904032,158.01701,217.5014
Bulgaria,2001,22.25,1.65,43.45,5.1029377,164.59537,224.81998
Bulgaria,2002,19.75,2.12,42.09,6.403923,155.02228,218.06604
Bulgaria,2003,22.02,2.99,42.29,8.784475,168.57735,225.45117
Bulgaria,2004,21.44,3.14,41.4,9.131955,162.36998,217.99915
Bulgaria,2005,20.98,4.3,43.93,12.432941,172.51389,236.20004
Bulgaria,2006,21.76,4.23,45.48,12.115733,175.43185,240.77203
Bulgaria,2007,25.38,2.88,42.9,8.25948,184.7735,232.7649
Bulgaria,2008,25.86,2.93,44.56,8.350056,179.45262,230.31332
Bulgaria,2009,23.39,3.68,42.33,10.448171,150.88222,202.21457
Bulgaria,2010,24.97,5.76,45.98,16.264631,154.66158,211.54092
Bulgaria,2011,29.75,3.89,49.95,11.074865,170.47174,224.73294
Bulgaria,2012,25.45,5.25,46.48,15.612391,156.51334,213.65845
Bulgaria,2013,21.96,6.91,43.04,20.162352,140.88452,198.10829
Bulgaria,2014,23.66,7.39,46.92,21.376947,148.92491,211.55034
Bulgaria,2015,24.57,8.75,48.7,25.38688,159.54132,224.68042
Bulgaria,2016,21.74,7.04,44.56,20.90535,151.68547,213.11739
Bulgaria,2017,23.25,6.13,44.93,18.42074,160.05421,218.17448
Bulgaria,2018,21.03,9.38,46.54,27.546503,150.33192,218.81776
Bulgaria,2019,19.75,7.49,43.8,22.791813,146.88019,211.54807
Bulgaria,2020,16.12,7.47,40.22,22.541811,130.9326,195.37428
Bulgaria,2021,20.5,10.31,47.3,30.433516,150.00853,221.83984
Bulgaria,2022,24.66,9.46,50.58,29.282988,161.34145,231.77684
Croatia,1990,4.9300003,3.93,8.86,11.618233,89.20179,100.82002
Croatia,1991,3.0499997,5.5400004,8.59,16.370174,67.419365,83.78954
Croatia,1992,4.54,4.36,8.9,12.8793955,67.64407,80.523476
Croatia,1993,5,4.57,9.57,13.514361,70.49165,84.00601
Croatia,1994,3.33,5.44,8.77,16.090094,68.77319,84.86329
Croatia,1995,3.5800002,5.69,9.27,16.832708,71.01694,87.84965
Croatia,1996,3.2999997,7.8700004,11.17,23.27865,70.96239,94.241035
Croatia,1997,4.38,5.85,10.23,17.311634,76.04705,93.35869
Croatia,1998,5.42,6.03,11.45,17.833946,80.897385,98.73133
Croatia,1999,5.64,7.34,12.98,21.69518,80.41928,102.114456
Croatia,2000,4.81,6.45,11.26,19.084349,77.46547,96.54981
Croatia,2001,5.59,7.18,12.77,21.094494,80.421455,101.515945
Croatia,2002,6.86,5.85,12.71,17.079268,84.54285,101.62211
Croatia,2003,7.73,5.46,13.19,15.828297,90.4913,106.3196
Croatia,2004,6.26,7.63,13.89,21.99574,88.54533,110.54107
Croatia,2005,6,7.06,13.06,20.218872,89.06604,109.284904
Croatia,2006,6.27,6.65,12.92,18.91722,89.03258,107.94981
Croatia,2007,7.8,4.74,12.54,13.441063,95.01379,108.45485
Croatia,2008,6.94,5.84,12.78,16.46267,91.40181,107.86448
Croatia,2009,5.87,7.48,13.35,20.995983,85.492805,106.488785
Croatia,2010,5.49,9.3,14.79,25.822374,82.44185,108.26423
Croatia,2011,5.95,5.28,11.23,14.649388,79.79889,94.44827
Croatia,2012,5.33,5.26,10.59,14.799333,72.79537,87.5947
Croatia,2013,4.67,9.28,13.95,25.705479,70.367516,96.073
Croatia,2014,3.5,9.94,13.44,27.339386,68.66936,96.00874
Croatia,2015,3.73,7.52,11.25,20.635973,70.38391,91.01988
Croatia,2016,4.26,8.36,12.62,22.622921,72.107635,94.73056
Croatia,2017,4.67,7.12,11.79,19.222336,75.561066,94.7834
Croatia,2018,3.77,9.78,13.55,26.558393,71.60204,98.16044
Croatia,2019,4.31,8.35,12.66,23.20829,72.604904,95.81319
Croatia,2020,4.69,8.55,13.24,23.762774,67.61569,91.37846
Croatia,2021,4.59,10.53,15.12,29.234947,69.07713,98.31208
Croatia,2022,5.18,8.94,14.12,25.465202,69.119995,94.58519
Cyprus,1990,1.97,0,1.97,0,0,19.274536
Cyprus,1991,2.08,0,2.08,0,0,19.512156
Cyprus,1992,2.43,0,2.43,0,0,22.79668
Cyprus,1993,2.59,0,2.59,0,0,23.690178
Cyprus,1994,2.68,0,2.68,0,0,23.732359
Cyprus,1995,2.5,0,2.5,0,0,25.230673
Cyprus,1996,2.61,0,2.61,0,0,25.604818
Cyprus,1997,2.73,0,2.73,0,0,25.85162
Cyprus,1998,2.99,0,2.99,0,0,27.446606
Cyprus,1999,3.14,0,3.14,0,0,28.880678
Cyprus,2000,3.37,0,3.37,0,0,30.261103
Cyprus,2001,3.55,0,3.55,0,0,30.609652
Cyprus,2002,3.79,0,3.79,0,0,30.185936
Cyprus,2003,4.05,0,4.05,0,0,32.0883
Cyprus,2004,4.2,0,4.2,0,0,31.228363
Cyprus,2005,4.38,0,4.38,0,0,34.992786
Cyprus,2006,4.65,0,4.65,0,34.407574,34.41193
Cyprus,2007,4.87,0,4.87,0,34.407574,34.986603
Cyprus,2008,5.06,0.01,5.07,0,0,35.85529
Cyprus,2009,5.18,0.03,5.21,0,0,35.003563
Cyprus,2010,5.25,0.08,5.33,0,0,34.056034
Cyprus,2011,4.75,0.17,4.92,0,0,33.72514
Cyprus,2012,4.46,0.26,4.72,0,0,31.604967
Cyprus,2013,3.96,0.33,4.29,0,0,28.278452
Cyprus,2014,4.03,0.31,4.34,0,0,28.294397
Cyprus,2015,4.14,0.4,4.54,0,0,29.184475
Cyprus,2016,4.46,0.43,4.89,0,0,31.736937
Cyprus,2017,4.57,0.43,5,0,0,32.595684
Cyprus,2018,4.58,0.48,5.06,0,0,32.462143
Cyprus,2019,4.63,0.52,5.15,0,0,32.4935
Cyprus,2020,4.25,0.6,4.85,0,0,28.281317
Cyprus,2021,4.34,0.78,5.12,0,0,29.841984
Cyprus,2022,4.37,0.89,5.26,0,0,31.737576
Czechia,1990,48.52,1.16,62.27,3.4330645,507.60083,546.744
Czechia,1991,47.079998,1.09,60.3,3.2201612,459.99417,497.63907
Czechia,1992,45.4,1.4,59.05,4.165581,444.05426,482.9794
Czechia,1993,44.510002,1.53,58.67,4.6047053,438.49524,478.92923
Czechia,1994,43.64,1.78,58.4,5.4232965,424.2693,466.515
Czechia,1995,45.94,2.41,60.58,7.3968997,444.11426,486.21396
Czechia,1996,48.72,2.26,63.83,7.009519,459.45032,502.92194
Czechia,1997,49.53,2.19,64.21,6.975479,439.89252,482.31992
Czechia,1998,49.449997,1.99,64.62,6.410271,424.46793,468.27097
Czechia,1999,48.45,2.36,64.17,7.6419115,403.44437,448.98697
Czechia,2000,57.03,2.28,72.9,7.569128,428.37277,474.50372
Czechia,2001,56.9,2.57,74.22,8.228159,435.4642,485.27197
Czechia,2002,54.27,2.99,76,9.618769,424.6539,486.75656
Czechia,2003,55.05,1.87,82.79,6.2921424,436.25784,514.5501
Czechia,2004,54.72,2.74,83.79,8.484305,446.54657,527.8245
Czechia,2005,54.07,3.13,81.93,9.242429,442.445,519.63196
Czechia,2006,54.09,3.52,83.66,10.538562,447.79843,529.4554
Czechia,2007,58.18,3.42,87.77,10.29809,442.39252,523.70526
Czechia,2008,53.01,3.72,83.28,12.313734,429.70972,513.6187
Czechia,2009,49.77,4.66,81.64,16.008863,403.8886,492.81097
Czechia,2010,51.33,5.91,85.24,20.000904,419.10333,513.649
Czechia,2011,51.15,7.24,86.67,24.645012,402.46118,501.97574
Czechia,2012,48.22,8.07,86.61,26.829235,392.82156,499.4383
Czechia,2013,45.89,9.3,85.94,30.482891,379.32996,490.22104
Czechia,2014,45.51,9.17,85.01,30.79238,370.3104,479.93652
Czechia,2015,46.27,9.41,82.52,31.222301,370.1322,470.7157
Czechia,2016,48.52,9.39,82.01,31.114965,371.33807,464.37378
Czechia,2017,47.81,9.63,85.78,31.887047,386.32162,490.58124
Czechia,2018,47.51,9.43,86.86,31.103422,381.9547,489.02322
Czechia,2019,45.44,10.08,85.77,33.18004,368.21613,477.903
Czechia,2020,39.72,10.39,80.15,34.308643,332.54346,442.56647
Czechia,2021,42.29,10.71,83.73,34.89383,354.46506,466.52344
Czechia,2022,43.62,10.5,85.11,34.471333,352.1951,464.27667
Denmark,1990,25.15,0.83000004,25.98,2.5578089,199.40321,201.96101
Denmark,1991,35.48,1.06,36.54,3.3968077,229.4569,232.8537
Denmark,1992,29.39,1.36,30.75,4.4518747,213.6849,218.13678
Denmark,1993,32.37,1.6099999,33.98,5.46336,225.84038,231.30373
Denmark,1994,38.84,1.74,40.58,5.288903,242.76701,248.05594
Denmark,1995,34.88,1.8599999,36.74,5.635707,237.98395,243.61967
Denmark,1996,51.479996,2.08,53.56,6.341975,283.54694,289.88892
Denmark,1997,41.35,2.9299998,44.28,8.891657,254.1063,262.99796
Denmark,1998,37.15,3.9299998,41.08,11.86202,241.82932,253.69131
Denmark,1999,34.510002,4.38,38.89,13.259739,232.78914,246.04887
Denmark,2000,30.43,5.57,36,16.782639,219.73676,236.51941
Denmark,2001,31.87,5.85,37.72,17.559986,219.65651,237.21649
Denmark,2002,32.49,6.79,39.28,20.330074,216.42538,236.75543
Denmark,2003,38.09,8.07,46.16,24.152138,231.08041,255.23254
Denmark,2004,30.9,9.52,40.42,28.343622,213.30814,241.65175
Denmark,2005,26.43,9.8,36.23,29.142086,198.45697,227.59906
Denmark,2006,36.41,9.2,45.61,27.297432,224.2651,251.56255
Denmark,2007,29.01,10.3,39.31,30.343483,208.29022,238.63371
Denmark,2008,26.52,10.1,36.62,29.643019,196.97833,226.62135
Denmark,2009,26.32,10.06,36.38,29.541565,185.03546,214.57703
Denmark,2010,26.44,12.43,38.87,36.73653,191.2015,227.93806
Denmark,2011,21.05,14.17,35.22,42.516926,171.63606,214.153
Denmark,2012,15.86,14.84,30.7,45.159946,154.03226,199.1922
Denmark,2013,18.78,15.96,34.74,48.025864,159.75766,207.78352
Denmark,2014,14.2,17.99,32.19,53.410965,146.59099,200.00195
Denmark,2015,10,18.93,28.93,55.715622,139.1057,194.8213
Denmark,2016,12.16,18.39,30.55,54.315956,143.523,197.83896
Denmark,2017,9.23,21.8,31.03,63.94792,134.88422,198.83214
Denmark,2018,9.61,20.75,30.36,60.734573,135.57652,196.31111
Denmark,2019,6.44,23.07,29.51,66.85457,125.216675,192.07124
Denmark,2020,5.28,23.45,28.73,67.89104,103.26866,171.1597
Denmark,2021,6.96,26.1,33.06,76.325,111.88112,188.20612
Denmark,2022,5.52,28.9,34.42,81.522026,107.87459,189.39662
Estonia,1990,17.179998,0,17.18,0,127.5705,127.5705
Estonia,1991,14.63,0,14.63,0,116.732086,116.732086
Estonia,1992,11.83,0,11.83,0,81.38799,81.387985
Estonia,1993,9.12,0,9.12,0,67.58692,67.58692
Estonia,1994,9.150001,0,9.15,0,68.5388,68.5388
Estonia,1995,8.68,0.01,8.69,0.019153222,62.146576,62.16573
Estonia,1996,9.09,0,9.09,0.015961027,65.996574,66.012535
Estonia,1997,9.21,0.01,9.22,0.025537638,65.002014,65.02756
Estonia,1998,8.51,0.01,8.52,0.03830639,58.292824,58.33113
Estonia,1999,8.25,0.01,8.26,0.053326555,53.683647,53.736973
Estonia,2000,8.5,0.01,8.51,0.19035605,55.296604,55.48696
Estonia,2001,8.47,0.02,8.49,0.091968246,57.750828,57.842796
Estonia,2002,8.5,0.03,8.53,0.10662127,57.499256,57.605877
Estonia,2003,10.11,0.05,10.16,0.13780963,62.68629,62.8241
Estonia,2004,10.25,0.06,10.31,0.18540779,63.916676,64.10208
Estonia,2005,10.09,0.11,10.2,0.32299137,64.14318,64.46618
Estonia,2006,9.6,0.13,9.73,0.3894322,63.291786,63.68122
Estonia,2007,12.04,0.14,12.18,0.44024774,73.31503,73.75527
Estonia,2008,10.38,0.2,10.58,0.6209667,67.23302,67.85399
Estonia,2009,8.24,0.54,8.78,1.6564227,57.060886,58.717308
Estonia,2010,11.92,1.05,12.97,3.3014305,69.847244,73.148674
Estonia,2011,11.71,1.18,12.89,3.6500385,69.31334,72.96339
Estonia,2012,10.49,1.47,11.96,4.546047,68.93671,73.48276
Estonia,2013,12.05,1.23,13.28,3.7770145,73.6856,77.46262
Estonia,2014,11.06,1.39,12.45,4.318389,69.839325,74.157715
Estonia,2015,8.59,1.56,10.15,4.73488,63.885067,68.61995
Estonia,2016,10.58,1.59,12.17,4.763155,65.999886,70.76304
Estonia,2017,11.3,1.86,13.16,5.5991955,72.88536,78.48454
Estonia,2018,10.38,1.99,12.37,6.255312,71.61902,77.87433
Estonia,2019,5.47,2.14,7.61,6.706607,56.056152,62.762756
Estonia,2020,3.11,2.97,6.08,8.949064,49.836884,58.78595
Estonia,2021,4.32,2.87,7.19,9.147321,52.478363,61.62568
Estonia,2022,4.67,3.67,8.34,9.413746,52.254677,61.668427
Finland,1990,19.15,16.02,54.39,48.570297,220.15292,323.24893
Finland,1991,20.27,18.2,57.98,54.982754,220.41238,330.75787
Finland,1992,18.41,20.06,57.73,60.480312,214.54427,329.67514
Finland,1993,21.710001,19.439999,61.08,58.881355,217.08345,332.5108
Finland,1994,27.939999,18.27,65.64,55.51455,238.41681,349.05576
Finland,1995,25.27,19.550001,64.04,59.348175,218.85355,332.7274
Finland,1996,32.14,17.76,69.38,53.904213,238.31111,347.4788
Finland,1997,28.119999,20.15,69.16,61.442986,231.65076,352.3808
Finland,1998,23.9,24.400002,70.15,74.370316,227.86586,364.24442
Finland,1999,25.3,21.189999,69.46,64.6358,227.32434,357.1492
Finland,2000,23.93,23.38,69.79,71.1623,224.163,359.1098
Finland,2001,29.98,21.54,74.29,65.40962,237.2849,366.89365
Finland,2002,32.6,19.83,74.73,60.347183,245.9748,368.7681
Finland,2003,42.29,19.06,84.08,58.076145,273.59238,394.92767
Finland,2004,37.25,25.63,85.6,77.15629,253.2829,393.25397
Finland,2005,23.6,23.46,70.33,70.32838,223.27707,357.54764
Finland,2006,36.68,22.46,82.05,67.68443,253.28436,383.51224
Finland,2007,33.18,24.32,80.92,72.42418,246.21289,382.1924
Finland,2008,26.25,27.77,76.98,82.90047,223.68834,368.49554
Finland,2009,26.55,21.7,71.78,65.54022,212.70073,341.28772
Finland,2010,33.36,24.18,80.34,73.171,237.39333,371.2906
Finland,2011,25.84,24.18,73.21,73.71654,214.82587,349.9229
Finland,2012,18.54,28.56,70.09,85.47256,194.50394,340.45874
Finland,2013,21.74,25.63,70.98,77.814026,202.24971,341.8005
Finland,2014,17.95,26.28,67.81,81.89519,186.62822,329.82288
Finland,2015,14.58,30.53,68.36,92.95087,175.87355,328.8933
Finland,2016,14.87,30.41,68.48,89.18112,185.29663,334.08334
Finland,2017,13.17,31.48,67.13,94.10234,175.71263,327.2159
Finland,2018,15.05,32.14,69.98,95.93107,180.04237,333.84097
Finland,2019,12.63,31.88,68.38,95.89163,170.7123,326.98233
Finland,2020,9.82,35.93,69.04,104.193726,150.2801,313.17126
Finland,2021,10.09,38.18,71.87,114.11346,146.42303,319.78995
Finland,2022,7.86,40.07,72.99,125.77752,137.79115,326.71646
France,1990,47.34,55.78,417.2,165.38867,1601.255,2657.8533
France,1991,60.569996,59.71,451.62,177.03995,1707.9404,2825.1626
France,1992,50.47,71.1,460.02,210.7926,1677.7042,2848.8396
France,1993,34.61,66.86,469.66,198.56918,1606.0608,2849.369
France,1994,33.67,80.950005,474.6,240.99162,1551.727,2814.1702
France,1995,38.52,75.450005,491.2,225.40463,1585.171,2880.9744
France,1996,43.35,68.47,509.16,205.66098,1654.8822,2988.0015
France,1997,39.04,66.44,500.96,200.53842,1624.6814,2947.409
France,1998,54.5,64.759995,507.25,195.0723,1718.9286,3014.9285
France,1999,51.59,75.4,521.23,226.70567,1722.8291,3068.208
France,2000,50.61,67.83,533.6,209.57436,1719.7067,3107.3093
France,2001,46.48,76.09,543.65,232.9299,1725.4396,3145.4202
France,2002,52.67,62.69,552.12,192.25385,1697.5334,3113.1091
France,2003,57.38,61.47,559.92,187.52036,1730.169,3145.1638
France,2004,56.53,62.42,567.19,189.31682,1742.1658,3170.9683
France,2005,63.35,54.98,569.86,169.13683,1742.5884,3152.4006
France,2006,56.9,60.91,568,186.68135,1711.2305,3127.1309
France,2007,58.18,64.3,562.21,203.96465,1675.2354,3072.3518
France,2008,55.57,72.33,567.35,235.21991,1661.7161,3081.9138
France,2009,51.32,68.15,529.21,224.25565,1587.6765,2909.9734
France,2010,57.63,76.68,562.83,246.42253,1609.9745,2997.7344
France,2011,58.99,66.02,567.4,208.03949,1503.1868,2882.3123
France,2012,56.42,85.25,567.08,261.55566,1500.3119,2881.1746
France,2013,53.35,99.42,576.45,299.31192,1501.0537,2908.428
France,2014,35.68,94.03,566.19,286.07004,1364.985,2785.743
France,2015,44.65,91.84,573.92,279.92264,1392.8246,2803.133
France,2016,56.45,99,558.65,297.0682,1422.166,2754.993
France,2017,65.09,92.63,556.08,280.18146,1437.1835,2734.68
France,2018,49.27,113.62,575.83,333.17474,1403.8645,2785.4277
France,2019,53.5,113.21,565.72,332.58237,1383.9653,2725.8347
France,2020,48.14,125.28,527.25,359.84732,1202.7615,2454.3303
France,2021,48.66,122.36,550.38,354.31537,1304.3567,2611.2305
France,2022,57.06,115.22,469.48,340.6239,1251.925,2329.9058
Germany,1990,375.24997,19.1,546.82,56.053123,3703.8672,4192.6416
Germany,1991,371.62003,16.98,535.83,51.990356,3620.4028,4090.6426
Germany,1992,355.12997,19.73,533.66,60.960175,3497.78,4009.3376
Germany,1993,348.69,20.519999,522.49,63.20759,3492.7603,3991.5264
Germany,1994,351.07,23.44,525.21,68.78809,3456.3516,3954.172
Germany,1995,353.79,25.93,532.81,75.09143,3462.4424,3974.795
Germany,1996,364.12,26.55,550.69,69.076515,3578.1897,4105.8457
Germany,1997,354.62003,23.06,548.01,73.0999,3496.7788,4053.187
Germany,1998,365.83002,24.91,552.38,79.20944,3481.8794,4019.6313
Germany,1999,353.82,28.720001,552.54,88.29171,3392.88,3963.56
Germany,2000,367.22,35.47,572.3,115.14318,3391.7764,3988.179
Germany,2001,372.69,37.9,581.89,119.49374,3460.3813,4062.799
Germany,2002,372.64,44.48,581.96,141.96011,3408.0564,4011.723
Germany,2003,390.81,46.67,602.54,146.06094,3405.0566,4010.471
Germany,2004,385.24,57.97,610.28,181.11076,3366.8105,4009.893
Germany,2005,386.96,63.4,613.41,206.39046,3308.2554,3962.6313
Germany,2006,390.03,72.51,629.81,244.81165,3360.6172,4062.384
Germany,2007,402.4,89.38,632.31,297.99622,3214.1074,3893.4246
Germany,2008,390.43,94.28,633.2,307.5972,3225.8838,3934.6611
Germany,2009,358.07,95.94,588.94,312.14728,3018.4321,3692.1802
Germany,2010,378.9,105.18,624.64,338.25952,3134.5288,3847.1501
Germany,2011,373.16,124.04,605.17,392.09637,3032.6692,3710.5862
Germany,2012,377.89,143.04,620.39,447.6565,3052.564,3761.9148
Germany,2013,381.52,152.34,631.15,466.6725,3147.4045,3868.5193
Germany,2014,360.28,162.54,619.95,494.79733,2963.163,3710.461
Germany,2015,359.99,188.79,640.57,562.533,2981.1343,3780.8582
Germany,2016,368.67,189.67,642.97,563.3674,3062.101,3842.8835
Germany,2017,353.37,216.32,646.01,632.40155,3065.3574,3892.6733
Germany,2018,334.65,222.07,632.72,650.2845,2951.88,3795.1272
Germany,2019,284.09,240.33,599.49,695.73566,2811.7847,3697.4106
Germany,2020,251.4,251.48,567.26,727.47986,2558.2253,3447.9602
Germany,2021,281.42,230.8,581.35,676.1237,2699.75,3549.456
Germany,2022,295.7,250.07,582.28,726.22876,2603.2456,3416.2869
Greece,1990,33.010002,1.77,34.78,5.2368274,282.07562,287.31247
Greece,1991,32.64,3.1,35.74,9.169623,282.31268,291.4823
Greece,1992,35.010002,2.21,37.22,6.5410957,290.0773,296.6184
Greece,1993,35.8,2.33,38.13,6.8900204,293.64084,300.53082
Greece,1994,37.75,2.6399999,40.39,7.7978153,297.84558,305.64337
Greece,1995,37.74,3.56,41.3,10.538944,306.2551,316.79404
Greece,1996,38.03,4.39,42.42,12.969355,311.83124,324.8006
Greece,1997,39.370003,3.92,43.29,11.585484,322.45825,334.04376
Greece,1998,42.4,3.79,46.19,11.198117,343.5748,354.7729
Greece,1999,44.64,4.75,49.39,14.060719,340.64413,354.70483
Greece,2000,49.28,4.14,53.42,12.253763,360.79834,373.0521
Greece,2001,50.14,2.94,53.08,8.633693,367.3915,376.0252
Greece,2002,50.37,3.58,53.95,10.475117,365.89545,376.37057
Greece,2003,52.01,5.89,57.9,17.1182,381.19785,398.31604
Greece,2004,52.89,5.91,58.8,17.091543,381.14084,398.23236
Greece,2005,53.02,6.41,59.43,18.38419,381.22195,399.60614
Greece,2006,52.5,7.67,60.17,22.415638,388.89026,411.30588
Greece,2007,58.12,4.59,62.71,14.025663,405.3247,419.3504
Greece,2008,57.17,5.75,62.92,17.014542,394.57056,411.58505
Greece,2009,52.91,8.16,61.07,23.768078,372.62973,396.39783
Greece,2010,46.85,10.53,57.38,30.773046,347.6643,378.43732
Greece,2011,51.04,8.15,59.19,23.757313,347.52722,371.28455
Greece,2012,50.62,10.13,60.75,29.347021,319.95496,349.30197
Greece,2013,42.76,14.36,57.12,40.82839,287.47495,328.3033
Greece,2014,38.17,12.18,50.35,34.856213,273.054,307.91022
Greece,2015,36.98,14.85,51.83,41.95692,269.76617,311.72308
Greece,2016,39.52,14.89,54.41,41.94122,265.02908,306.9703
Greece,2017,41.38,13.8,55.18,38.834114,283.34296,322.17703
Greece,2018,37.11,16.14,53.25,44.851593,279.19873,324.05035
Greece,2019,32.48,16.1,48.58,44.910362,271.9542,316.86453
Greece,2020,30.61,17.55,48.16,48.748547,228.1807,276.92923
Greece,2021,32.52,22.13,54.65,60.798515,241.71362,302.51215
Greece,2022,29.73,22.71,52.44,62.820206,252.99037,315.81058
Hungary,1990,14.51,0.2,28.44,0.5806117,283.7129,323.25543
Hungary,1991,16.02,0.21,29.96,0.6502686,262.30322,301.9012
Hungary,1992,17.509998,0.21,31.68,0.6140458,249.41487,289.65198
Hungary,1993,18.900002,0.21000001,32.91,0.6153561,239.07959,278.8413
Hungary,1994,19.259998,0.21,33.52,0.6197244,243.10071,283.5847
Hungary,1995,19.77,0.22,34.02,0.6607525,246.34079,286.80054
Hungary,1996,20.65,0.26,35.09,0.77170694,251.241,292.24866
Hungary,1997,21.16,0.27,35.4,0.8078967,244.75488,285.1972
Hungary,1998,23.03,0.22,37.2,0.6498655,249.24669,289.47705
Hungary,1999,23.49,0.24000001,37.83,0.7427083,248.59744,289.33777
Hungary,2000,20.77,0.24,35.19,0.7338375,239.83249,280.80228
Hungary,2001,22.03,0.26,36.42,0.7728206,247.04901,287.6443
Hungary,2002,21.97,0.23,36.15,0.7032452,241.12793,280.91214
Hungary,2003,22.79,0.33,34.13,1.0214666,252.71704,284.3871
Hungary,2004,20.86,0.94,33.71,2.9223766,253.05676,288.92676
Hungary,2005,20.05,1.87,35.75,5.929491,264.1358,308.07724
Hungary,2006,20.9,1.49,35.85,4.8131022,260.49298,302.06055
Hungary,2007,23.4,1.88,39.96,6.227474,252.03383,298.0855
Hungary,2008,22.85,2.35,40.02,9.264019,244.67545,293.89648
Hungary,2009,17.59,2.89,35.91,10.9692135,220.37941,272.6884
Hungary,2010,18.59,3.02,37.37,11.339028,224.50964,277.82706
Hungary,2011,17.62,2.71,36.02,10.119127,217.82355,269.46396
Hungary,2012,16.19,2.64,34.62,9.791367,199.77081,251.11597
Hungary,2013,12.1,2.78,30.25,10.030909,187.81438,238.0414
Hungary,2014,10.54,3.16,29.35,11.739143,185.84885,238.26877
Hungary,2015,11.24,3.22,30.29,11.794329,198.32663,251.03966
Hungary,2016,12.51,3.25,31.81,11.946817,202.30748,255.4948
Hungary,2017,13.25,3.48,32.83,12.29921,215.8848,269.29346
Hungary,2018,12.43,3.77,31.93,13.446959,217.81221,271.20258
Hungary,2019,13.2,4.7,34.19,15.934133,217.75838,274.8925
Hungary,2020,13.2,5.52,34.78,18.961824,210.90404,270.3273
Hungary,2021,13.06,6.91,35.96,22.668331,221.17038,283.98883
Hungary,2022,12.14,7.53,35.52,24.228708,201.94504,265.73322
Ireland,1990,13.530001,0.7,14.23,2.0610213,115.8253,117.88633
Ireland,1991,14.18,0.75,14.93,2.205914,120.25572,122.46164
Ireland,1992,14.96,0.82,15.78,2.4306479,120.5881,123.018745
Ireland,1993,15.37,0.77,16.14,2.3064594,123.31961,125.62607
Ireland,1994,15.889999,0.94,16.83,2.776623,128.1589,130.93552
Ireland,1995,16.88,0.72999996,17.61,2.1556537,131.4651,133.62074
Ireland,1996,18.15,0.76,18.91,2.2625566,138.77411,141.03665
Ireland,1997,18.880001,0.81,19.69,2.4113295,143.31888,145.73021
Ireland,1998,19.71,1.18,20.89,3.4798095,153.32564,156.80545
Ireland,1999,20.64,1.1300001,21.77,3.3452125,162.19196,165.53717
Ireland,2000,22.49,1.18,23.67,3.5265622,169.82228,173.34885
Ireland,2001,23.61,1.03,24.64,3.042019,180.12549,183.16753
Ireland,2002,23.46,1.38,24.84,4.0533037,177.30066,181.35396
Ireland,2003,23.72,1.14,24.86,3.3257463,173.52893,176.85468
Ireland,2004,23.83,1.39,25.22,4.051275,176.31061,180.36188
Ireland,2005,23.75,1.87,25.62,5.4168305,182.75717,188.174
Ireland,2006,24.64,2.47,27.11,7.1028886,187.19153,194.29442
Ireland,2007,25.56,2.81,28.37,8.197734,189.12663,197.32437
Ireland,2008,26.32,3.6,29.92,10.779375,185.59964,196.37903
Ireland,2009,23.85,4.12,27.97,12.460226,164.15132,176.61156
Ireland,2010,24.44,3.72,28.16,11.533102,166.76732,178.30043
Ireland,2011,21.73,5.43,27.16,16.175571,154.08609,170.26166
Ireland,2012,21.88,5.25,27.13,15.588572,151.88,167.46858
Ireland,2013,19.94,5.63,25.57,16.727386,148.26996,164.99734
Ireland,2014,19.42,6.39,25.81,18.887896,145.66513,164.55302
Ireland,2015,20.24,7.86,28.1,22.819649,151.09332,173.913
Ireland,2016,22.71,7.52,30.23,21.76855,159.87277,181.64131
Ireland,2017,21.78,8.88,30.66,25.89155,156.51605,182.4076
Ireland,2018,20.7,10.2,30.9,29.248466,157.23679,186.48524
Ireland,2019,18.92,11.8,30.72,33.759018,153.61598,187.375
Ireland,2020,18.51,13.46,31.97,37.91235,138.31831,176.23067
Ireland,2021,19.98,11.62,31.6,33.025894,146.44899,179.47488
Ireland,2022,20.63,12.98,33.61,38.18565,151.49394,189.6796
Italy,1990,178.25,34.899998,213.15,102.83484,1752.051,1854.8859
Italy,1991,172.9,45.530003,218.43,134.30368,1778.8286,1913.1323
Italy,1992,176.6,45.769997,222.37,134.94183,1770.387,1905.3289
Italy,1993,174.17001,45.219997,219.39,133.31262,1731.7411,1865.0537
Italy,1994,180.2,48.250004,228.45,142.27066,1718.5654,1860.836
Italy,1995,195.54,41.46,237,122.230545,1814.1665,1936.397
Italy,1996,192.83,46.22,239.05,136.31618,1799.4818,1935.798
Italy,1997,199.62,46.190002,245.81,136.297,1832.9872,1969.2843
Italy,1998,206.45,46.48,252.93,137.11551,1877.4658,2014.5813
Italy,1999,207.28,51.32,258.6,151.47693,1919.9059,2071.3826
Italy,2000,218.28,50.87,269.15,150.21736,1949.0676,2099.2852
Italy,2001,216.73,54.35,271.08,159.5912,1937.9456,2097.5369
Italy,2002,228.45,48.31,276.76,141.21744,1942.1345,2083.352
Italy,2003,238.52,46.86,285.38,136.27655,2013.5079,2149.7844
Italy,2004,240.95,53.88,294.83,158.66876,2038.8511,2197.5198
Italy,2005,247.29,48.43,295.72,141.55403,2058.6958,2200.2498
Italy,2006,256.03,50.64,306.67,147.39128,2042.6763,2190.0674
Italy,2007,259.49,47.72,307.21,138.17796,2010.1216,2148.2993
Italy,2008,254.34,58.16,312.5,173.0774,1938.8276,2111.905
Italy,2009,218.32,69.26,287.58,208.71492,1762.9906,1971.7054
Italy,2010,220.93,76.98,297.91,232.81502,1803.9177,2036.7327
Italy,2011,216.78,82.96,299.74,248.60117,1749.3113,1997.9124
Italy,2012,204.26,92.22,296.48,275.36456,1668.5127,1943.8773
Italy,2013,175.07,112,287.07,327.3124,1531.2878,1858.6002
Italy,2014,156.76,120.68,277.44,347.87772,1414.4424,1762.3202
Italy,2015,172.06,108.89,280.95,317.7721,1496.9937,1814.7657
Italy,2016,179.19,108.01,287.2,313.95096,1507.9805,1821.9315
Italy,2017,189.44,103.89,293.33,301.73386,1541.3867,1843.1206
Italy,2018,172.98,114.41,287.39,328.604,1525.0361,1853.6401
Italy,2019,175.52,115.83,291.35,325.0631,1494.4926,1819.5555
Italy,2020,161.17,116.9,278.07,330.9662,1320.9961,1651.9622
Italy,2021,170.06,116.33,286.39,319.81708,1440.9874,1760.8044
Italy,2022,177.25,101.61,278.86,283.30524,1423.48,1706.7852
Latvia,1990,2.15,4.5,6.65,13.294623,73.17163,86.466255
Latvia,1991,2.37,3.28,5.65,9.684139,69.99541,79.67954
Latvia,1992,1.3199999,2.52,3.84,7.45457,49.580112,57.034683
Latvia,1993,1.05,2.88,3.93,8.504301,40.651257,49.155556
Latvia,1994,1.13,3.31,4.44,9.772849,37.850216,47.623062
Latvia,1995,1.05,2.94,3.99,8.684677,35.883533,44.568214
Latvia,1996,1.26,1.86,3.12,5.502957,35.96225,41.465206
Latvia,1997,1.56,2.95,4.51,8.737903,33.034386,41.772293
Latvia,1998,1.48,4.32,5.8,12.768279,32.693733,45.462013
Latvia,1999,1.35,2.76,4.11,8.158333,30.435944,38.594276
Latvia,2000,1.32,2.82,4.14,8.350537,29.40364,37.75418
Latvia,2001,1.44,2.83,4.27,8.341143,32.3233,40.664444
Latvia,2002,1.49,2.48,3.97,7.256037,33.766403,41.022438
Latvia,2003,1.63,2.34,3.97,6.7875,33.731316,40.518818
Latvia,2004,1.49,3.2,4.69,9.2215605,36.334076,45.555637
Latvia,2005,1.5,3.42,4.92,9.8232,37.134514,46.957714
Latvia,2006,2.1,2.79,4.89,7.980497,36.562912,44.543407
Latvia,2007,1.94,2.82,4.76,8.03238,37.89378,45.92616
Latvia,2008,2.06,3.21,5.27,9.063659,37.179195,46.242855
Latvia,2009,2.01,3.56,5.57,9.99201,33.828762,43.82077
Latvia,2010,2.99,3.64,6.63,10.429333,39.240612,49.669945
Latvia,2011,3.01,3.08,6.09,8.828324,35.507725,44.33605
Latvia,2012,2.06,4.11,6.17,11.610359,34.35238,45.962738
Latvia,2013,2.67,3.53,6.2,10.112938,34.12373,44.236668
Latvia,2014,2.34,2.8,5.14,8.091685,32.6558,40.747486
Latvia,2015,2.76,2.78,5.54,8.16629,33.579346,41.74564
Latvia,2016,2.94,3.48,6.42,9.894611,34.60454,44.49915
Latvia,2017,2.07,5.46,7.53,15.154945,33.823208,48.978153
Latvia,2018,3.23,3.49,6.72,10.212718,33.35177,43.564484
Latvia,2019,3.25,3.19,6.44,9.3461685,35.49099,44.83716
Latvia,2020,2.08,3.64,5.72,10.633692,30.220821,40.854515
Latvia,2021,2.13,3.72,5.85,10.786221,31.612505,42.398724
Latvia,2022,1.41,3.65,5.06,10.674605,28.995295,39.6699
Lithuania,1990,10.92,0.41,28.36,1.2241936,152.35434,201.90991
Lithuania,1991,11.99,0.34,29.33,0.9994622,164.21388,213.4511
Lithuania,1992,3.58,0.31,18.53,0.9196236,88.31126,130.76642
Lithuania,1993,1.26,0.39,13.91,1.1620969,66.31921,102.26923
Lithuania,1994,1.57,0.45,9.73,1.336559,65.050766,88.25322
Lithuania,1995,1.3000001,0.37,13.49,1.1029569,63.989586,98.637634
Lithuania,1996,1.93,0.33,16.2,0.9639786,66.82968,107.354294
Lithuania,1997,2.03,0.3,14.35,0.87231195,63.99836,98.98895
Lithuania,1998,3.1299999,0.42,17.1,1.2330644,66.46477,106.15751
Lithuania,1999,2.75,0.41,13.02,1.2241936,58.610786,87.81855
Lithuania,2000,2.27,0.34,11.03,1.0033064,53.14203,78.03437
Lithuania,2001,2.6,0.33,14.29,0.9626344,58.27297,91.26609
Lithuania,2002,2.66,0.35,17.15,1.0437012,56.747417,97.401474
Lithuania,2003,2.85,0.33,18.66,0.9651757,58.078094,102.13443
Lithuania,2004,3.05,0.43,18.58,1.2446238,59.859,102.862885
Lithuania,2005,3.42,0.46,14.22,1.3563178,64.08221,93.84335
Lithuania,2006,2.79,0.43,11.87,1.4726971,64.52317,89.61744
Lithuania,2007,2.82,0.58,13.23,2.2787428,69.14487,98.10395
Lithuania,2008,2.6,0.6,13.09,2.4311342,68.02335,97.13305
Lithuania,2009,2.84,0.68,14.37,2.5492413,58.401016,90.03387
Lithuania,2010,3.84,0.91,4.75,3.113285,62.64392,65.75721
Lithuania,2011,2.88,1.11,3.99,3.6562352,64.8416,68.49784
Lithuania,2012,3.12,1.18,4.3,4.0438232,64.55679,68.60062
Lithuania,2013,2.45,1.53,3.98,5.006568,58.399178,63.405746
Lithuania,2014,1.95,1.51,3.46,5.032432,56.130875,61.163307
Lithuania,2015,2.32,1.68,4,5.5311537,58.394295,63.925446
Lithuania,2016,1.31,2.1,3.41,6.4927626,58.656914,65.14968
Lithuania,2017,0.82,2.53,3.35,7.729919,60.917324,68.64724
Lithuania,2018,0.55,2.2,2.75,7.2163196,63.582466,70.79878
Lithuania,2019,0.67,2.47,3.14,7.9452286,62.920345,70.86558
Lithuania,2020,1.96,2.57,4.53,8.294201,62.000282,70.29448
Lithuania,2021,1.55,2.62,4.17,8.72791,61.421577,70.14949
Lithuania,2022,1.05,3.12,4.17,7.951223,55.715515,63.666737
Luxembourg,1990,0.53999996,0.08,0.62,0.24690777,36.904346,37.151257
Luxembourg,1991,0.60999995,0.089999996,0.7,0.29300138,39.635735,39.928738
Luxembourg,1992,0.58,0.08,0.66,0.24456139,39.79827,40.04283
Luxembourg,1993,0.59,0.08,0.67,0.24508193,40.32377,40.56885
Luxembourg,1994,0.48000002,0.11,0.59,0.30243942,38.707848,39.01029
Luxembourg,1995,0.38,0.11,0.49,0.32244053,33.61216,33.9346
Luxembourg,1996,0.37,0.08,0.45,0.22673249,34.67255,34.89928
Luxembourg,1997,0.31,0.099999994,0.41,0.30830985,33.850273,34.15858
Luxembourg,1998,0.22,0.15,0.37,0.42706525,32.560677,32.987743
Luxembourg,1999,0.23,0.13,0.36,0.36474308,34.494907,34.85965
Luxembourg,2000,0.24,0.16,0.4,0.50983524,36.694363,37.2042
Luxembourg,2001,0.7,0.17,0.87,0.49922317,39.367466,39.86669
Luxembourg,2002,2.65,0.15,2.8,0.44895828,43.133194,43.58215
Luxembourg,2003,2.65,0.14,2.79,0.41929257,45.284607,45.7039
Luxembourg,2004,3.18,0.19,3.37,0.5758094,51.203964,51.779778
Luxembourg,2005,3.14,0.21,3.35,0.61377716,51.93919,52.552967
Luxembourg,2006,3.29,0.25,3.54,0.71805996,50.90858,51.62664
Luxembourg,2007,2.93,0.26,3.19,1.2822933,48.843357,50.125652
Luxembourg,2008,2.44,0.28,2.72,1.3261783,48.43457,49.76075
Luxembourg,2009,2.88,0.27,3.15,1.2519228,46.34103,47.592953
Luxembourg,2010,2.97,0.27,3.24,1.2530115,48.862724,50.115738
Luxembourg,2011,2.4,0.24,2.64,1.247098,47.574017,48.821117
Luxembourg,2012,2.45,0.31,2.76,1.4319706,46.52097,47.95294
Luxembourg,2013,1.48,0.36,1.84,1.6734536,44.01891,45.692364
Luxembourg,2014,1.51,0.4,1.91,1.9300449,42.34417,44.27421
Luxembourg,2015,0.91,0.43,1.34,2.1648266,40.869637,43.034466
Luxembourg,2016,0.33,0.46,0.79,2.3073568,40.151875,42.459232
Luxembourg,2017,0.3,0.6,0.9,2.9701805,41.384716,44.354897
Luxembourg,2018,0.28,0.68,0.96,3.3157516,43.115196,46.43095
Luxembourg,2019,0.27,0.8,1.07,3.7439573,43.544292,47.288246
Luxembourg,2020,0.25,0.97,1.22,4.4065,36.09159,40.49809
Luxembourg,2021,0.24,0.99,1.23,4.3972363,38.87767,43.27491
Luxembourg,2022,0.16,0.97,1.13,4.2396793,34.83289,39.07257
Malta,1990,1.11,0,1.11,0,0,8.106475
Malta,1991,1.42,0,1.42,0,0,8.539957
Malta,1992,1.49,0,1.49,0,0,8.975677
Malta,1993,1.5,0,1.5,0,0,9.474625
Malta,1994,1.54,0,1.54,0,0,10.14338
Malta,1995,1.63,0,1.63,0,0,9.842447
Malta,1996,1.66,0,1.66,0,0,10.209197
Malta,1997,1.69,0,1.69,0,0,10.890258
Malta,1998,1.72,0,1.72,0,0,11.405865
Malta,1999,1.85,0,1.85,0,0,12.645787
Malta,2000,1.92,0,1.92,0,0,18.514675
Malta,2001,1.94,0,1.94,0,0,20.39525
Malta,2002,2.05,0,2.05,0,0,19.899649
Malta,2003,2.24,0,2.24,0,0,23.127022
Malta,2004,2.22,0,2.22,0,0,24.279015
Malta,2005,2.24,0,2.24,0,0,20.713343
Malta,2006,2.26,0,2.26,0,0,21.168182
Malta,2007,2.3,0,2.3,0,0,23.059702
Malta,2008,2.31,0,2.31,0,0,23.88174
Malta,2009,2.17,0,2.17,0,0,25.449509
Malta,2010,2.11,0,2.11,0,0,30.380507
Malta,2011,2.17,0,2.17,0,0,28.883959
Malta,2012,2.27,0.03,2.3,0,0,27.543236
Malta,2013,2.22,0.04,2.26,0,0,26.145313
Malta,2014,2.17,0.08,2.25,0,0,26.757277
Malta,2015,1.2,0.1,1.3,0,0,29.281233
Malta,2016,0.72,0.14,0.86,0,0,32.549335
Malta,2017,1.48,0.17,1.65,0,0,37.07361
Malta,2018,1.77,0.2,1.97,0,0,38.70257
Malta,2019,1.86,0.21,2.07,0,0,40.33273
Malta,2020,1.9,0.25,2.15,0,0,37.139946
Malta,2021,1.95,0.27,2.22,0,0,39.150482
Malta,2022,1.99,0.01,2,0,0,0
Netherlands,1990,67.479996,0.82,71.8,2.5557127,898.24207,910.73474
Netherlands,1991,69.99,0.93000007,74.25,2.961895,915.6553,928.0633
Netherlands,1992,72.25,1,77.05,3.1930108,925.14185,939.1174
Netherlands,1993,71.89,1.0999999,76.94,3.5443883,932.21924,946.9661
Netherlands,1994,74.43,1.26,79.66,3.9969714,921.5554,936.80884
Netherlands,1995,75.45,1.4100001,80.88,4.447009,959.11365,974.96185
Netherlands,1996,79.22,1.8199999,85.2,5.7356176,999.5709,1017.11066
Netherlands,1997,81.86,2.01,86.28,6.3527217,985.66504,998.8505
Netherlands,1998,84.75,2.3200002,90.88,7.3114233,987.8223,1005.94214
Netherlands,1999,80.19,2.51,86.53,7.898447,975.01575,993.77686
Netherlands,2000,82.49,2.97,89.39,9.321724,986.37683,1006.81946
Netherlands,2001,86.14,3.31,93.43,10.334042,1024.0242,1045.5573
Netherlands,2002,87.86,3.98,95.75,12.40991,1022.68976,1046.061
Netherlands,2003,88.62,3.96,96.6,12.252638,1029.6417,1053.0762
Netherlands,2004,91.89,5.3,101.01,16.365189,1061.8103,1088.7443
Netherlands,2005,88.22,7.46,99.68,23.112946,1078.1451,1112.242
Netherlands,2006,87.17,8.05,98.69,25.224594,1054.8782,1089.5758
Netherlands,2007,93.21,7.59,105,26.773556,1069.3535,1107.524
Netherlands,2008,93.7,9.53,107.4,31.88191,1051.2654,1094.3888
Netherlands,2009,98.48,10.83,113.56,37.02268,1030.8833,1079.291
Netherlands,2010,103.95,11.19,119.11,36.71608,1123.363,1170.6506
Netherlands,2011,97.35,12.32,113.81,40.83967,1063.2908,1115.0919
Netherlands,2012,86.69,12.47,103.07,41.52012,1043.8792,1095.6993
Netherlands,2013,86.51,12.1,101.5,39.765636,1015.55896,1062.885
Netherlands,2014,87.48,11.65,103.22,38.486805,967.208,1016.3307
Netherlands,2015,91.03,13.69,108.8,43.052643,980.5152,1034.1061
Netherlands,2016,95.09,14.78,113.83,45.06448,988.3837,1043.6217
Netherlands,2017,94.81,17.43,115.64,52.689648,989.9987,1051.3774
Netherlands,2018,91.26,18.91,113.68,58.983944,957.98645,1025.8938
Netherlands,2019,94.09,22.79,120.79,71.2718,940.4396,1021.60095
Netherlands,2020,85.95,32.75,122.79,100.24804,878.0873,988.6362
Netherlands,2021,77.31,40.47,121.61,121.46862,884.19116,1015.27155
Netherlands,2022,68.55,48.2,120.89,141.42102,831.7748,983.5985
Poland,1990,132.95,1.49,134.44,4.3656244,1205.9641,1210.3297
Poland,1991,131.22,1.5,132.72,4.478663,1179.6852,1184.164
Poland,1992,129.07,1.62,130.69,4.810518,1127.586,1132.3966
Poland,1993,130.23,1.55,131.78,4.594724,1127.2528,1131.8475
Poland,1994,131.51,1.78,133.29,5.287265,1077.8927,1083.18
Poland,1995,135.09,1.96,137.05,5.796673,1102.9259,1108.7225
Poland,1996,139.12999,2.06,141.19,6.134509,1157.8153,1163.9498
Poland,1997,138.81,2.13,140.94,6.3440523,1146.1967,1152.5406
Poland,1998,138.23999,2.53,140.77,7.541801,1096.6576,1104.1995
Poland,1999,137.65001,2.3400002,139.99,7.000235,1075.7216,1082.7218
Poland,2000,140.85,2.33,143.18,6.9476814,1010.57684,1017.52454
Poland,2001,140.94,2.78,143.72,8.288825,1002.1676,1010.4564
Poland,2002,139.72,2.77,142.49,8.193144,991.3861,999.5792
Poland,2003,147.76,2.25,150.01,6.985733,1027.221,1034.2067
Poland,2004,149.06,3.2,152.26,9.279782,1031.9388,1041.2186
Poland,2005,151.2,3.85,155.05,12.085398,1052.26,1064.3455
Poland,2006,156.16,4.29,160.45,13.946418,1103.0348,1116.9812
Poland,2007,153.08,5.43,158.51,17.401634,1096.4136,1113.8153
Poland,2008,148.03,6.61,154.64,25.019123,1108.2928,1133.312
Poland,2009,142.4,8.69,151.09,33.52833,1060.0883,1093.6166
Poland,2010,146.12,10.88,157,40.275948,1125.8989,1166.1749
Poland,2011,149.88,13.13,163.01,47.41675,1125.5137,1172.9304
Poland,2012,144.75,16.88,161.63,59.56532,1079.6759,1139.2412
Poland,2013,146.85,17.06,163.91,59.04518,1082.9036,1141.9489
Poland,2014,138.53,19.85,158.38,66.672775,1034.271,1100.9438
Poland,2015,141.55,22.69,164.24,72.98464,1039.33,1112.3146
Poland,2016,143.28,22.81,166.09,70.227325,1090.4602,1160.6876
Poland,2017,145.8,24.13,169.93,74.65727,1131.2434,1205.9008
Poland,2018,147.87,21.62,169.49,71.358345,1148.2764,1219.6348
Poland,2019,137.58,25.46,163.04,82.80545,1101.9427,1184.7483
Poland,2020,128.91,28.23,157.14,88.122856,1046.0571,1134.1799
Poland,2021,148.21,30.56,178.77,96.76028,1129.128,1225.8883
Poland,2022,141.57,37.73,179.3,112.284485,1086.0372,1198.3218
Portugal,1990,18.5,9.83,28.33,29.290768,0,198.46422
Portugal,1991,19.880001,9.84,29.72,29.33638,0,205.95268
Portugal,1992,24.119999,5.4900002,29.61,16.579233,0,208.12202
Portugal,1993,21.560001,9.43,30.99,28.165512,0,214.16861
Portugal,1994,19.7,11.63,31.33,34.641014,0,221.91728
Portugal,1995,23.77,9.38,33.15,27.990545,0,243.20699
Portugal,1996,18.630001,15.780001,34.41,46.913532,203.87631,250.78984
Portugal,1997,19.91,14.2300005,34.14,42.3185,212.08316,254.40164
Portugal,1998,24.76,14.150001,38.91,42.08186,235.42966,277.5115
Portugal,1999,34.29,8.62,42.91,25.83548,257.99118,283.82666
Portugal,2000,30.51,12.87,43.38,38.346996,254.97513,293.32214
Portugal,2001,30.43,15.74,46.17,46.57521,251.08948,297.6647
Portugal,2002,35.92,9.73,45.65,28.799786,266.6142,295.414
Portugal,2003,28.82,17.7,46.52,51.74505,251.62032,303.36536
Portugal,2004,32.51,12.31,44.82,35.969425,261.555,297.5244
Portugal,2005,37.93,8.25,46.18,24.099941,272.85782,296.9578
Portugal,2006,32.85,15.72,48.57,45.905983,248.88158,294.78754
Portugal,2007,30.68,16.21,46.89,47.95774,249.1106,297.06833
Portugal,2008,30.84,14.64,45.48,43.43313,243.31506,286.74817
Portugal,2009,31.19,18.29,49.48,54.517426,234.70938,289.2268
Portugal,2010,25.34,28.35,53.69,83.57334,221.51447,305.08783
Portugal,2011,27.77,24.11,51.88,71.33656,219.69902,291.03558
Portugal,2012,26.2,19.37,45.57,57.678062,208.10054,265.7786
Portugal,2013,21.06,29.47,50.53,84.92865,206.8649,291.79355
Portugal,2014,20.39,31.57,51.96,90.17505,207.50575,297.68082
Portugal,2015,26.9,24.37,51.27,71.23256,219.99551,291.2281
Portugal,2016,26.83,32.3,59.13,91.19489,220.30112,311.49603
Portugal,2017,35.12,22.58,57.7,64.728065,237.14981,301.87787
Portugal,2018,29,29.41,58.41,82.67627,224.92155,307.59784
Portugal,2019,24.32,27.41,51.73,77.26948,215.66975,292.93924
Portugal,2020,21.43,30.11,51.54,84.1889,181.31973,265.50864
Portugal,2021,17.89,31.55,49.44,88.75909,177.59512,266.35422
Portugal,2022,18.87,28.09,46.96,74.66109,183.07988,257.74097
Romania,1990,52.89,11.41,64.3,33.748177,701.46704,735.2153
Romania,1991,42.21,14.59,56.8,43.13656,581.3076,624.4442
Romania,1992,42.309998,11.7,54.01,34.60316,516.0707,550.6738
Romania,1993,42.59,12.77,55.36,37.758034,497.4638,535.22186
Romania,1994,41.989998,13.05,55.04,38.57688,466.27396,504.85083
Romania,1995,42.36,16.69,59.05,49.36102,505.44162,554.8026
Romania,1996,43.879997,15.76,61.03,46.587364,500.88135,551.40155
Romania,1997,33.8,17.52,56.72,51.809036,456.19366,523.3253
Romania,1998,28.789999,18.89,52.99,55.86011,407.92636,478.84515
Romania,1999,26.98,18.29,50.47,54.083332,352.33823,421.17096
Romania,2000,31.32,14.78,51.56,43.698387,361.15204,420.3319
Romania,2001,33.18,14.92,53.55,43.84061,365.91168,425.10504
Romania,2002,32.86,16.05,54.42,46.845196,379.02023,441.30682
Romania,2003,36.67,13.26,54.84,38.46232,389.12903,441.2445
Romania,2004,34.43,16.51,56.49,47.597485,394.38556,457.3245
Romania,2005,33.64,20.22,59.41,57.88015,385.1521,458.29587
Romania,2006,38.71,18.36,62.7,52.24586,399.99896,467.62262
Romania,2007,37.96,16.01,61.68,45.744774,384.52997,451.1921
Romania,2008,36.5,17.22,64.95,49.64898,372.5271,452.44724
Romania,2009,30.43,15.55,57.73,45.276573,318.53482,395.30527
Romania,2010,28.69,20.3,60.61,57.720657,310.25522,398.93295
Romania,2011,33.93,16.32,62,47.25503,330.32312,408.6753
Romania,2012,32.38,14.93,58.78,43.042583,319.74847,392.96033
Romania,2013,26.78,20.15,58.55,56.364693,279.87015,366.62045
Romania,2014,26.39,27.12,65.19,69.64233,280.51196,380.50665
Romania,2015,28.09,26.19,65.92,72.6578,279.72678,382.46426
Romania,2016,26.33,26.97,64.59,75.33796,278.23975,382.57
Romania,2017,28.15,24.29,63.95,68.08532,291.52045,388.997
Romania,2018,26.87,26.19,64.44,72.94441,294.5927,396.42142
Romania,2019,23.27,24.63,59.18,69.52496,289.2844,387.34177
Romania,2020,19.54,24.61,55.62,69.96195,270.51736,369.37567
Romania,2021,21.51,26.34,59.13,73.95324,284.9745,387.2613
Romania,2022,21.29,23.73,56.3,65.295685,267.64795,360.68604
Slovakia,1990,11.57,1.88,25.49,5.5591397,208.64227,248.35374
Slovakia,1991,11.16,1.41,24.26,4.1634407,184.85727,222.18843
Slovakia,1992,10.25,1.94,23.24,5.727688,176.66003,213.74225
Slovakia,1993,9.09,3.47,24.05,10.251882,167.13254,209.9761
Slovakia,1994,8.51,4.36,25.47,12.877687,158.22707,206.84326
Slovakia,1995,10.11,4.88,26.43,14.430107,162.86652,209.74927
Slovakia,1996,9.98,4.23,25.46,12.499193,166.78403,211.20241
Slovakia,1997,9.91,4.06,25.04,12.017203,163.88437,207.3214
Slovakia,1998,10.07,4.27,25.73,12.617473,164.57278,209.52092
Slovakia,1999,10.52,4.47,28.11,13.229569,160.84409,211.29335
Slovakia,2000,9.68,4.61,30.78,13.646504,157.79874,218.24721
Slovakia,2001,9.65,5.08,31.83,15.305247,161.03802,224.55817
Slovakia,2002,8.81,5.42,32.18,15.892464,160.24976,226.4268
Slovakia,2003,9.52,3.58,30.96,10.434813,159.7336,219.88297
Slovakia,2004,9.29,4.13,30.45,11.906182,156.05617,215.043
Slovakia,2005,8.93,4.68,31.34,13.512898,164.04572,226.26744
Slovakia,2006,8.39,4.81,31.21,14.272614,156.7252,220.17848
Slovakia,2007,7.57,4.93,27.83,14.812246,150.20972,206.62883
Slovakia,2008,7.46,4.57,28.73,13.860085,153.30853,212.20859
Slovakia,2009,6.89,4.92,25.89,14.90797,139.6745,192.3178
Slovakia,2010,6.9,5.95,27.42,17.883316,148.79968,205.4999
Slovakia,2011,7.8,5,28.21,15.481274,141.41418,197.69135
Slovakia,2012,7.28,5.47,28.24,16.526114,132.59755,189.89334
Slovakia,2013,6.36,6.36,28.44,18.925377,134.54913,194.58702
Slovakia,2014,5.3,6.24,27.04,19.139921,121.68817,181.1199
Slovakia,2015,5.34,6.05,26.54,18.829834,125.020325,182.98993
Slovakia,2016,5.28,6.63,26.68,20.276669,126.514496,184.74371
Slovakia,2017,5.67,6.54,27.29,19.982367,136.099,194.5947
Slovakia,2018,5.92,5.81,26.57,17.938284,135.67352,191.29564
Slovakia,2019,6.26,6.65,28.19,20.225433,125.968155,184.84892
Slovakia,2020,6.22,6.85,28.51,20.732685,121.471115,181.1254
Slovakia,2021,7.16,6.77,29.66,20.65394,135.07193,195.22316
Slovakia,2022,4.77,6.06,26.73,19.704576,131.77066,191.24365
Slovenia,1990,4.87,2.95,12.44,8.7940855,47.388844,69.29792
Slovenia,1991,4.1800003,3.61,12.74,10.6688175,44.689255,69.40945
Slovenia,1992,4.9500003,3.42,12.34,10.121774,43.49163,64.88118
Slovenia,1993,4.95,3.04,11.95,8.9744625,46.45835,66.65802
Slovenia,1994,4.8799996,3.4,12.89,10.050806,47.820854,70.94977
Slovenia,1995,4.8700004,3.25,12.9,9.616129,51.321053,74.497665
Slovenia,1996,4.73,3.67,13.05,10.846236,54.367287,78.158264
Slovenia,1997,5.07,3.09,13.18,9.140054,56.550663,79.932205
Slovenia,1998,5.2299995,3.45,13.72,10.201613,55.7128,80.15589
Slovenia,1999,4.79,3.77,13.26,11.15514,54.8474,79.327515
Slovenia,2000,4.95,3.9,13.61,11.560551,53.556305,78.62627
Slovenia,2001,5.35,3.87,14.48,11.381681,55.99178,82.19341
Slovenia,2002,5.66,3.41,14.6,9.995704,56.296413,81.7755
Slovenia,2003,5.54,3.08,13.83,8.965116,56.75701,80.21293
Slovenia,2004,5.6,4.21,15.27,12.186621,57.898277,85.180244
Slovenia,2005,5.66,3.57,15.11,10.261417,58.757935,85.18694
Slovenia,2006,5.86,3.7,15.11,10.585269,60.220512,85.95426
Slovenia,2007,5.96,3.38,15.04,9.728609,60.285892,85.46716
Slovenia,2008,5.83,4.31,16.41,12.509282,64.21757,93.64212
Slovenia,2009,5.75,4.9,16.39,14.146129,56.981194,86.507126
Slovenia,2010,5.85,4.75,16.26,13.801904,57.791183,86.66013
Slovenia,2011,5.82,3.88,15.92,11.227494,56.455215,84.13502
Slovenia,2012,5.69,4.33,15.55,12.584059,54.62937,81.75843
Slovenia,2013,5.39,5.11,15.8,14.732307,52.289368,80.88277
Slovenia,2014,4.18,6.6,17.15,18.536058,47.87574,82.971504
Slovenia,2015,4.8,4.35,14.8,12.205926,48.026012,74.82731
Slovenia,2016,5.45,5.06,16.23,13.905834,51.391228,79.97818
Slovenia,2017,5.32,4.44,16.05,12.285353,52.50236,80.83881
Slovenia,2018,5.12,5.22,16.12,14.848883,52.96601,82.48029
Slovenia,2019,5.03,5.04,15.89,14.539384,50.827538,80.09161
Slovenia,2020,4.96,5.58,16.89,15.907841,45.46699,77.384926
Slovenia,2021,4.44,5.44,15.59,15.61828,46.725586,76.671234
Slovenia,2022,3.75,3.93,13.27,11.335317,47.544563,72.90372
Spain,1990,70.91,26.03,151.21,76.938225,837.82996,1068.7544
Spain,1991,71.36,27.810001,154.75,82.467804,866.3473,1106.5184
Spain,1992,81.31,19.6,156.69,58.109978,942.7359,1159.128
Spain,1993,74.27,25.13,155.46,74.30044,888.1298,1121.5013
Spain,1994,76.53,29.06,160.9,85.91482,931.8254,1174.6917
Spain,1995,85.76,24.380001,165.6,72.411995,989.64343,1219.4099
Spain,1996,75.79,41.250004,173.37,122.26307,984.46796,1266.5682
Spain,1997,96.869995,36.969997,189.14,109.74089,1069.7953,1336.445
Spain,1998,97.509995,36.89,193.39,109.481895,1124.0068,1400.8822
Spain,1999,119.57,27.210001,205.63,81.27325,1195.437,1443.7039
Spain,2000,124.22,34.49,220.92,107.060326,1244.0662,1527.637
Spain,2001,120.06,49.3,233.07,146.48393,1271.7705,1597.853
Spain,2002,143.72,33.17,239.91,104.112114,1334.4612,1615.075
Spain,2003,139.67,55.75,257.3,166.57173,1368.1029,1706.8695
Spain,2004,159.91,50.13,273.65,149.34743,1444.0978,1769.3298
Spain,2005,184.65,42.27,284.46,123.338394,1500.0077,1781.4471
Spain,2006,182.98,52.15,295.26,151.0986,1491.931,1807.2
Spain,2007,188.13,58.3,301.53,167.41145,1529.8999,1846.8264
Spain,2008,189.55,62.15,310.67,178.65431,1458.1388,1795.815
Spain,2009,164.69,74.08,291.53,210.7994,1312.6128,1664.8059
Spain,2010,138.39,97.77,298.15,286.28223,1259.4968,1709.8822
Spain,2011,146.12,87.53,291.37,259.58688,1265.2173,1677.6294
Spain,2012,145.33,86.97,293.77,265.09323,1241.4958,1668.326
Spain,2013,113.32,111.42,281.47,315.41394,1121.1074,1584.8909
Spain,2014,107.37,110.26,274.94,312.4877,1094.0911,1555.5511
Spain,2015,123.19,97.09,277.48,275.7428,1151.1338,1574.9623
Spain,2016,107.93,104.63,271.19,295.8918,1143.4977,1589.9742
Spain,2017,126.93,87.93,272.9,252.1896,1207.5171,1608.1108
Spain,2018,112.23,103.88,271.88,298.44843,1197.0514,1637.0802
Spain,2019,111.55,100.99,270.89,276.51657,1167.4574,1591.3844
Spain,2020,87.64,113.79,259.73,318.15598,974.3663,1439.4471
Spain,2021,88.5,125.75,270.81,348.69162,1052.2076,1542.9287
Spain,2022,106.14,120.24,284.81,336.2734,1115.8271,1598.6992
Sweden,1990,3.35,74.450005,145.98,220.62854,268.20712,682.3116
Sweden,1991,5.1,65.11,146.97,193.00255,236.27994,647.09296
Sweden,1992,6.0200005,76.37,145.93,226.40155,245.25757,651.9662
Sweden,1993,6.99,76.87,145.26,227.81737,242.93082,644.9574
Sweden,1994,8.14,61.399998,142.7,182.08934,255.36891,645.0395
Sweden,1995,7.7999997,70.549995,148.28,209.18703,244.80795,652.4366
Sweden,1996,12.34,54,140.61,160.1845,263.05484,633.9929
Sweden,1997,7.25,72.02999,149.21,213.65305,244.28334,656.3581
Sweden,1998,7.1099997,78.1,158.79,230.80229,270.73907,710.3342
Sweden,1999,6.8999996,74.75,154.84,221.66046,260.3394,689.6719
Sweden,2000,4.77,83.14,145.23,246.80798,230.02692,639.46985
Sweden,2001,6.17,83.32,161.6,245.74332,236.86372,685.88873
Sweden,2002,7.44,71.15,146.7,208.79597,242.44304,642.0112
Sweden,2003,9.24,58.73,135.39,171.64445,255.92369,615.18054
Sweden,2004,6.02,68.18,151.69,200.03575,247.8287,662.64197
Sweden,2005,4.76,81.23,158.37,235.61263,244.6366,679.98315
Sweden,2006,5.24,71.06,143.28,206.7987,250.07378,639.7497
Sweden,2007,4.42,77.43,148.82,224.72835,243.03745,649.47833
Sweden,2008,4.6,81.41,149.9,236.93732,231.01726,640.23254
Sweden,2009,4.62,79.81,136.6,229.88905,217.04445,586.75024
Sweden,2010,8.53,82.09,148.45,240.5208,229.47697,623.75226
Sweden,2011,5.72,84.09,150.28,245.08615,209.54068,614.7169
Sweden,2012,4.09,98.3,166.43,282.54758,201.40807,652.4464
Sweden,2013,3.88,82.69,153.03,238.12282,199.3496,611.2761
Sweden,2014,2.93,85.74,153.55,247.32956,192.4726,608.4578
Sweden,2015,3.15,102.5,162,293.2613,190.2769,629.1513
Sweden,2016,3.66,89.13,155.89,260.21304,195.60199,617.9133
Sweden,2017,3.47,95.06,164.23,276.59607,193.49849,637.8664
Sweden,2018,3.66,91.15,163.36,263.94153,186.87343,624.84937
Sweden,2019,3.35,98.94,168.42,284.8305,197.68591,649.78973
Sweden,2020,2.44,112.15,163.79,316.05298,175.82962,615.8703
Sweden,2021,3.06,115.74,171.77,328.0238,168.96088,629.9774
Sweden,2022,3.06,117.4,171.68,337.0352,166.20297,632.1888
